iso_issued,issued,iso_expired,expired,eventid,phenomena,significance,hvtec_nwsli,wfo,name,ph_name,sig_name
2000-02-14T22:30:00Z,2000-02-14 22:30,2000-02-14T23:15:00Z,2000-02-14 23:15,4,SV,W,,LWX,Severe Thunderstorm Warning,Severe Thunderstorm,Warning
2000-05-10T21:43:00Z,2000-05-10 21:43,2000-05-10T22:30:00Z,2000-05-10 22:30,45,SV,W,,LWX,Severe Thunderstorm Warning,Severe Thunderstorm,Warning
2000-06-02T23:08:00Z,2000-06-02 23:08,2000-06-03T00:00:00Z,2000-06-03 00:00,105,SV,W,,LWX,Severe Thunderstorm Warning,Severe Thunderstorm,Warning
2000-06-15T23:34:00Z,2000-06-15 23:34,2000-06-16T00:15:00Z,2000-06-16 00:15,129,SV,W,,LWX,Severe Thunderstorm Warning,Severe Thunderstorm,Warning
2000-07-03T23:44:00Z,2000-07-03 23:44,2000-07-04T00:30:00Z,2000-07-04 00:30,167,SV,W,,LWX,Severe Thunderstorm Warning,Severe Thunderstorm,Warning
2000-07-28T23:22:00Z,2000-07-28 23:22,2000-07-29T00:30:00Z,2000-07-29 00:30,211,SV,W,,LWX,Severe Thunderstorm Warning,Severe Thunderstorm,Warning
2000-08-07T21:24:00Z,2000-08-07 21:24,2000-08-07T22:30:00Z,2000-08-07 22:30,220,SV,W,,LWX,Severe Thunderstorm Warning,Severe Thunderstorm,Warning
2000-08-09T21:25:00Z,2000-08-09 21:25,2000-08-09T22:30:00Z,2000-08-09 22:30,252,SV,W,,LWX,Severe Thunderstorm Warning,Severe Thunderstorm,Warning
2000-09-03T22:04:00Z,2000-09-03 22:04,2000-09-03T23:00:00Z,2000-09-03 23:00,35,FF,W,,LWX,Flash Flood Warning,Flash Flood,Warning
2001-03-14T02:35:00Z,2001-03-14 02:35,2001-03-14T03:15:00Z,2001-03-14 03:15,4,SV,W,,LWX,Severe Thunderstorm Warning,Severe Thunderstorm,Warning
2001-05-22T23:19:00Z,2001-05-22 23:19,2001-05-22T23:45:00Z,2001-05-22 23:45,29,SV,W,,LWX,Severe Thunderstorm Warning,Severe Thunderstorm,Warning
2001-05-25T19:15:00Z,2001-05-25 19:15,2001-05-25T20:00:00Z,2001-05-25 20:00,34,SV,W,,LWX,Severe Thunderstorm Warning,Severe Thunderstorm,Warning
2001-06-23T02:22:00Z,2001-06-23 02:22,2001-06-23T05:15:00Z,2001-06-23 05:15,30,FF,W,,LWX,Flash Flood Warning,Flash Flood,Warning
2001-08-11T20:16:00Z,2001-08-11 20:16,2001-08-11T22:30:00Z,2001-08-11 22:30,41,FF,W,,LWX,Flash Flood Warning,Flash Flood,Warning
2001-09-24T20:53:00Z,2001-09-24 20:53,2001-09-24T21:30:00Z,2001-09-24 21:30,17,TO,W,,LWX,Tornado Warning,Tornado,Warning
2002-04-19T19:12:00Z,2002-04-19 19:12,2002-04-19T20:00:00Z,2002-04-19 20:00,5,SV,W,"     ",LWX,Severe Thunderstorm Warning,Severe Thunderstorm,Warning
2002-05-12T22:23:00Z,2002-05-12 22:23,2002-05-12T23:15:00Z,2002-05-12 23:15,28,SV,W,"     ",LWX,Severe Thunderstorm Warning,Severe Thunderstorm,Warning
2002-05-14T20:29:00Z,2002-05-14 20:29,2002-05-14T21:15:00Z,2002-05-14 21:15,50,SV,W,"     ",LWX,Severe Thunderstorm Warning,Severe Thunderstorm,Warning
2002-06-27T22:43:00Z,2002-06-27 22:43,2002-06-27T23:30:00Z,2002-06-27 23:30,141,SV,W,"     ",LWX,Severe Thunderstorm Warning,Severe Thunderstorm,Warning
2002-08-01T22:14:00Z,2002-08-01 22:14,2002-08-01T23:15:00Z,2002-08-01 23:15,159,SV,W,"     ",LWX,Severe Thunderstorm Warning,Severe Thunderstorm,Warning
2002-08-02T00:28:00Z,2002-08-02 00:28,2002-08-02T03:30:00Z,2002-08-02 03:30,27,FF,W,"     ",LWX,Flash Flood Warning,Flash Flood,Warning
2002-08-05T20:49:00Z,2002-08-05 20:49,2002-08-05T21:45:00Z,2002-08-05 21:45,193,SV,W,"     ",LWX,Severe Thunderstorm Warning,Severe Thunderstorm,Warning
2002-11-11T10:54:00Z,2002-11-11 10:54,2002-11-11T11:30:00Z,2002-11-11 11:30,28,TO,W,"     ",LWX,Tornado Warning,Tornado,Warning
2003-05-07T22:03:00Z,2003-05-07 22:03,2003-05-07T23:00:00Z,2003-05-07 23:00,16,SV,W,"     ",LWX,Severe Thunderstorm Warning,Severe Thunderstorm,Warning
2003-05-08T15:51:00Z,2003-05-08 15:51,2003-05-08T16:15:00Z,2003-05-08 16:15,19,SV,W,"     ",LWX,Severe Thunderstorm Warning,Severe Thunderstorm,Warning
2003-06-12T00:40:00Z,2003-06-12 00:40,2003-06-12T01:30:00Z,2003-06-12 01:30,51,SV,W,"     ",LWX,Severe Thunderstorm Warning,Severe Thunderstorm,Warning
2003-06-20T01:01:00Z,2003-06-20 01:01,2003-06-20T04:00:00Z,2003-06-20 04:00,62,FF,W,,LWX,Flash Flood Warning,Flash Flood,Warning
2003-07-09T20:20:00Z,2003-07-09 20:20,2003-07-09T21:30:00Z,2003-07-09 21:30,132,SV,W,"     ",LWX,Severe Thunderstorm Warning,Severe Thunderstorm,Warning
2003-08-26T20:38:00Z,2003-08-26 20:38,2003-08-26T22:15:00Z,2003-08-26 22:15,228,SV,W,"     ",LWX,Severe Thunderstorm Warning,Severe Thunderstorm,Warning
2003-08-26T20:58:00Z,2003-08-26 20:58,2003-08-27T00:00:00Z,2003-08-27 00:00,110,FF,W,,LWX,Flash Flood Warning,Flash Flood,Warning
2003-11-19T20:23:00Z,2003-11-19 20:23,2003-11-20T00:15:00Z,2003-11-20 00:15,144,FF,W,,LWX,Flash Flood Warning,Flash Flood,Warning
2004-05-05T20:58:00Z,2004-05-05 20:58,2004-05-05T22:00:00Z,2004-05-05 22:00,22,SV,W,"     ",LWX,Severe Thunderstorm Warning,Severe Thunderstorm,Warning
2004-05-16T20:12:00Z,2004-05-16 20:12,2004-05-16T21:15:00Z,2004-05-16 21:15,57,SV,W,"     ",LWX,Severe Thunderstorm Warning,Severe Thunderstorm,Warning
2004-05-22T02:10:00Z,2004-05-22 02:10,2004-05-22T03:00:00Z,2004-05-22 03:00,95,SV,W,"     ",LWX,Severe Thunderstorm Warning,Severe Thunderstorm,Warning
2004-05-25T23:47:00Z,2004-05-25 23:47,2004-05-26T00:30:00Z,2004-05-26 00:30,117,SV,W,"     ",LWX,Severe Thunderstorm Warning,Severe Thunderstorm,Warning
2004-05-26T00:14:00Z,2004-05-26 00:14,2004-05-26T01:00:00Z,2004-05-26 01:00,11,TO,W,"     ",LWX,Tornado Warning,Tornado,Warning
2004-06-01T18:47:00Z,2004-06-01 18:47,2004-06-01T19:30:00Z,2004-06-01 19:30,129,SV,W,"     ",LWX,Severe Thunderstorm Warning,Severe Thunderstorm,Warning
2004-07-14T18:51:00Z,2004-07-14 18:51,2004-07-14T19:30:00Z,2004-07-14 19:30,198,SV,W,"     ",LWX,Severe Thunderstorm Warning,Severe Thunderstorm,Warning
2004-08-11T19:44:00Z,2004-08-11 19:44,2004-08-11T20:45:00Z,2004-08-11 20:45,218,SV,W,"     ",LWX,Severe Thunderstorm Warning,Severe Thunderstorm,Warning
2004-08-12T22:23:00Z,2004-08-12 22:23,2004-08-13T04:30:00Z,2004-08-13 04:30,58,FF,W,,LWX,Flash Flood Warning,Flash Flood,Warning
2004-10-02T22:28:00Z,2004-10-02 22:28,2004-10-02T23:15:00Z,2004-10-02 23:15,252,SV,W,"     ",LWX,Severe Thunderstorm Warning,Severe Thunderstorm,Warning
2004-10-02T23:15:00Z,2004-10-02 23:15,2004-10-03T00:00:00Z,2004-10-03 00:00,253,SV,W,"     ",LWX,Severe Thunderstorm Warning,Severe Thunderstorm,Warning
2005-01-14T11:50:00Z,2005-01-14 11:50,2005-01-14T15:45:00Z,2005-01-14 15:45,1,FF,W,,LWX,Flash Flood Warning,Flash Flood,Warning
2005-03-20T20:40:00Z,2005-03-20 20:40,2005-03-20T21:13:00Z,2005-03-20 21:13,1,SV,W,,LWX,Severe Thunderstorm Warning,Severe Thunderstorm,Warning
2005-04-02T15:42:00Z,2005-04-02 15:42,2005-04-02T16:11:00Z,2005-04-02 16:11,3,SV,W,,LWX,Severe Thunderstorm Warning,Severe Thunderstorm,Warning
2005-04-03T04:58:00Z,2005-04-03 04:58,2005-04-03T08:00:00Z,2005-04-03 08:00,23,FF,W,,LWX,Flash Flood Warning,Flash Flood,Warning
2005-05-14T22:13:00Z,2005-05-14 22:13,2005-05-14T22:43:00Z,2005-05-14 22:43,28,SV,W,,LWX,Severe Thunderstorm Warning,Severe Thunderstorm,Warning
2005-06-06T23:46:00Z,2005-06-06 23:46,2005-06-07T00:48:00Z,2005-06-07 00:48,53,SV,W,,LWX,Severe Thunderstorm Warning,Severe Thunderstorm,Warning
2005-06-22T21:49:00Z,2005-06-22 21:49,2005-06-22T22:45:00Z,2005-06-22 22:45,61,SV,W,,LWX,Severe Thunderstorm Warning,Severe Thunderstorm,Warning
2005-07-23T05:26:00Z,2005-07-23 05:26,2005-07-23T06:15:00Z,2005-07-23 06:15,96,SV,W,,LWX,Severe Thunderstorm Warning,Severe Thunderstorm,Warning
2005-11-29T23:37:00Z,2005-11-29 23:37,2005-11-30T02:03:00Z,2005-11-30 02:03,887,TO,A,,LWX,Tornado Watch,Tornado,Watch
2006-04-03T20:17:00Z,2006-04-03 20:17,2006-04-04T00:17:00Z,2006-04-04 00:17,148,TO,A,,LWX,Tornado Watch,Tornado,Watch
2006-04-15T19:28:00Z,2006-04-15 19:28,2006-04-15T22:55:00Z,2006-04-15 22:55,189,SV,A,,LWX,Severe Thunderstorm Watch,Severe Thunderstorm,Watch
2006-04-23T00:25:00Z,2006-04-23 00:25,2006-04-23T04:15:00Z,2006-04-23 04:15,6,FF,W,,LWX,Flash Flood Warning,Flash Flood,Warning
2006-05-11T22:20:00Z,2006-05-11 22:20,2006-05-12T00:38:00Z,2006-05-12 00:38,343,TO,A,,LWX,Tornado Watch,Tornado,Watch
2006-06-09T22:43:00Z,2006-06-09 22:43,2006-06-09T23:15:00Z,2006-06-09 23:15,56,SV,W,,LWX,Severe Thunderstorm Warning,Severe Thunderstorm,Warning
2006-06-19T22:06:00Z,2006-06-19 22:06,2006-06-19T22:47:00Z,2006-06-19 22:47,60,SV,W,,LWX,Severe Thunderstorm Warning,Severe Thunderstorm,Warning
2006-06-26T00:51:00Z,2006-06-26 00:51,2006-06-26T04:45:00Z,2006-06-26 04:45,37,FF,W,,LWX,Flash Flood Warning,Flash Flood,Warning
2006-06-26T04:26:00Z,2006-06-26 04:26,2006-06-26T07:30:00Z,2006-06-26 07:30,43,FF,W,,LWX,Flash Flood Warning,Flash Flood,Warning
2006-06-26T15:09:00Z,2006-06-26 15:09,2006-06-26T21:00:00Z,2006-06-26 21:00,50,FF,W,,LWX,Flash Flood Warning,Flash Flood,Warning
2006-06-26T20:56:00Z,2006-06-26 20:56,2006-06-27T03:00:00Z,2006-06-27 03:00,59,FF,W,,LWX,Flash Flood Warning,Flash Flood,Warning
2006-06-27T02:47:00Z,2006-06-27 02:47,2006-06-27T05:45:00Z,2006-06-27 05:45,62,FF,W,,LWX,Flash Flood Warning,Flash Flood,Warning
2006-06-27T09:41:00Z,2006-06-27 09:41,2006-06-27T13:45:00Z,2006-06-27 13:45,65,FF,W,,LWX,Flash Flood Warning,Flash Flood,Warning
2006-06-27T22:10:00Z,2006-06-27 22:10,2006-06-28T04:15:00Z,2006-06-28 04:15,80,FF,W,,LWX,Flash Flood Warning,Flash Flood,Warning
2006-06-29T20:48:00Z,2006-06-29 20:48,2006-06-30T01:14:00Z,2006-06-30 01:14,560,SV,A,,LWX,Severe Thunderstorm Watch,Severe Thunderstorm,Watch
2006-07-02T21:03:00Z,2006-07-02 21:03,2006-07-02T21:39:00Z,2006-07-02 21:39,69,SV,W,,LWX,Severe Thunderstorm Warning,Severe Thunderstorm,Warning
2006-07-02T21:59:00Z,2006-07-02 21:59,2006-07-02T22:47:00Z,2006-07-02 22:47,72,SV,W,,LWX,Severe Thunderstorm Warning,Severe Thunderstorm,Warning
2006-07-04T16:42:00Z,2006-07-04 16:42,2006-07-04T23:49:00Z,2006-07-04 23:49,582,SV,A,,LWX,Severe Thunderstorm Watch,Severe Thunderstorm,Watch
2006-07-04T20:45:00Z,2006-07-04 20:45,2006-07-04T22:00:00Z,2006-07-04 22:00,87,SV,W,,LWX,Severe Thunderstorm Warning,Severe Thunderstorm,Warning
2006-07-05T18:00:00Z,2006-07-05 18:00,2006-07-06T00:21:00Z,2006-07-06 00:21,585,SV,A,,LWX,Severe Thunderstorm Watch,Severe Thunderstorm,Watch
2006-07-05T19:36:00Z,2006-07-05 19:36,2006-07-05T23:30:00Z,2006-07-05 23:30,101,FF,W,,LWX,Flash Flood Warning,Flash Flood,Warning
2006-07-12T19:29:00Z,2006-07-12 19:29,2006-07-12T20:03:00Z,2006-07-12 20:03,100,SV,W,,LWX,Severe Thunderstorm Warning,Severe Thunderstorm,Warning
2006-07-12T20:17:00Z,2006-07-12 20:17,2006-07-12T21:04:00Z,2006-07-12 21:04,101,SV,W,,LWX,Severe Thunderstorm Warning,Severe Thunderstorm,Warning
2006-07-18T20:27:00Z,2006-07-18 20:27,2006-07-19T00:23:00Z,2006-07-19 00:23,613,SV,A,,LWX,Severe Thunderstorm Watch,Severe Thunderstorm,Watch
2006-07-22T18:20:00Z,2006-07-22 18:20,2006-07-23T01:04:00Z,2006-07-23 01:04,637,SV,A,,LWX,Severe Thunderstorm Watch,Severe Thunderstorm,Watch
2006-07-28T17:03:00Z,2006-07-28 17:03,2006-07-28T19:05:00Z,2006-07-28 19:05,649,SV,A,,LWX,Severe Thunderstorm Watch,Severe Thunderstorm,Watch
2006-09-28T19:04:00Z,2006-09-28 19:04,2006-09-28T23:24:00Z,2006-09-28 23:24,803,SV,A,,LWX,Severe Thunderstorm Watch,Severe Thunderstorm,Watch
2006-11-16T15:44:00Z,2006-11-16 15:44,2006-11-16T20:46:00Z,2006-11-16 20:46,868,TO,A,,LWX,Tornado Watch,Tornado,Watch
2006-11-16T18:04:00Z,2006-11-16 18:04,2006-11-16T18:45:00Z,2006-11-16 18:45,173,SV,W,,LWX,Severe Thunderstorm Warning,Severe Thunderstorm,Warning
2006-11-16T19:45:00Z,2006-11-16 19:45,2006-11-16T22:45:00Z,2006-11-16 22:45,114,FF,W,,LWX,Flash Flood Warning,Flash Flood,Warning
2006-12-01T15:09:00Z,2006-12-01 15:09,2006-12-01T21:57:00Z,2006-12-01 21:57,874,SV,A,,LWX,Severe Thunderstorm Watch,Severe Thunderstorm,Watch
2007-05-16T17:26:00Z,2007-05-16 17:26,2007-05-16T20:59:00Z,2007-05-16 20:59,278,SV,A,,LWX,Severe Thunderstorm Watch,Severe Thunderstorm,Watch
2007-05-27T20:43:00Z,2007-05-27 20:43,2007-05-27T23:44:00Z,2007-05-27 23:44,301,SV,A,,LWX,Severe Thunderstorm Watch,Severe Thunderstorm,Watch
2007-05-27T22:19:00Z,2007-05-27 22:19,2007-05-27T22:50:00Z,2007-05-27 22:50,35,SV,W,,LWX,Severe Thunderstorm Warning,Severe Thunderstorm,Warning
2007-06-08T21:32:00Z,2007-06-08 21:32,2007-06-09T02:38:00Z,2007-06-09 02:38,372,SV,A,,LWX,Severe Thunderstorm Watch,Severe Thunderstorm,Watch
2007-06-12T17:01:00Z,2007-06-12 17:01,2007-06-13T00:00:00Z,2007-06-13 00:00,386,SV,A,,LWX,Severe Thunderstorm Watch,Severe Thunderstorm,Watch
2007-06-13T17:27:00Z,2007-06-13 17:27,2007-06-14T01:00:00Z,2007-06-14 01:00,392,SV,A,,LWX,Severe Thunderstorm Watch,Severe Thunderstorm,Watch
2007-06-19T19:05:00Z,2007-06-19 19:05,2007-06-20T03:00:00Z,2007-06-20 03:00,420,SV,A,,LWX,Severe Thunderstorm Watch,Severe Thunderstorm,Watch
2007-06-21T21:10:00Z,2007-06-21 21:10,2007-06-22T00:08:00Z,2007-06-22 00:08,437,SV,A,,LWX,Severe Thunderstorm Watch,Severe Thunderstorm,Watch
2007-06-28T18:10:00Z,2007-06-28 18:10,2007-06-29T01:10:00Z,2007-06-29 01:10,461,SV,A,,LWX,Severe Thunderstorm Watch,Severe Thunderstorm,Watch
2007-07-04T18:14:00Z,2007-07-04 18:14,2007-07-05T00:33:00Z,2007-07-05 00:33,483,TO,A,,LWX,Tornado Watch,Tornado,Watch
2007-07-04T22:01:00Z,2007-07-04 22:01,2007-07-04T22:30:00Z,2007-07-04 22:30,167,SV,W,,LWX,Severe Thunderstorm Warning,Severe Thunderstorm,Warning
2007-07-16T18:00:00Z,2007-07-16 18:00,2007-07-17T00:51:00Z,2007-07-17 00:51,523,SV,A,,LWX,Severe Thunderstorm Watch,Severe Thunderstorm,Watch
2007-07-19T18:09:00Z,2007-07-19 18:09,2007-07-19T22:50:00Z,2007-07-19 22:50,543,SV,A,,LWX,Severe Thunderstorm Watch,Severe Thunderstorm,Watch
2007-07-27T17:30:00Z,2007-07-27 17:30,2007-07-27T22:09:00Z,2007-07-27 22:09,556,SV,A,,LWX,Severe Thunderstorm Watch,Severe Thunderstorm,Watch
2007-08-09T13:52:00Z,2007-08-09 13:52,2007-08-09T19:14:00Z,2007-08-09 19:14,573,SV,A,,LWX,Severe Thunderstorm Watch,Severe Thunderstorm,Watch
2007-08-16T20:46:00Z,2007-08-16 20:46,2007-08-16T20:51:00Z,2007-08-16 20:51,606,SV,A,,LWX,Severe Thunderstorm Watch,Severe Thunderstorm,Watch
2007-08-17T03:09:00Z,2007-08-17 03:09,2007-08-17T05:27:00Z,2007-08-17 05:27,611,SV,A,,LWX,Severe Thunderstorm Watch,Severe Thunderstorm,Watch
2007-08-25T22:04:00Z,2007-08-25 22:04,2007-08-26T02:08:00Z,2007-08-26 02:08,652,SV,A,,LWX,Severe Thunderstorm Watch,Severe Thunderstorm,Watch
2007-08-26T02:31:00Z,2007-08-26 02:31,2007-08-26T03:15:00Z,2007-08-26 03:15,299,SV,W,,LWX,Severe Thunderstorm Warning,Severe Thunderstorm,Warning
2008-03-04T22:55:00Z,2008-03-04 22:55,2008-03-05T06:44:00Z,2008-03-05 06:44,99,TO,A,,LWX,Tornado Watch,Tornado,Watch
2008-03-08T21:37:00Z,2008-03-08 21:37,2008-03-08T22:30:00Z,2008-03-08 22:30,19,SV,W,,LWX,Severe Thunderstorm Warning,Severe Thunderstorm,Warning
2008-03-20T04:01:00Z,2008-03-20 04:01,2008-03-20T06:03:00Z,2008-03-20 06:03,137,SV,A,,LWX,Severe Thunderstorm Watch,Severe Thunderstorm,Watch
2008-04-20T18:33:00Z,2008-04-20 18:33,2008-04-21T00:30:00Z,2008-04-21 00:30,2,FA,W,,LWX,Flood Warning,Flood,Warning
2008-05-09T04:22:00Z,2008-05-09 04:22,2008-05-09T08:15:00Z,2008-05-09 08:15,2,FF,W,,LWX,Flash Flood Warning,Flash Flood,Warning
2008-05-09T10:13:00Z,2008-05-09 10:13,2008-05-09T12:15:00Z,2008-05-09 12:15,11,FA,W,,LWX,Flood Warning,Flood,Warning
2008-05-11T23:49:00Z,2008-05-11 23:49,2008-05-12T03:45:00Z,2008-05-12 03:45,17,FA,W,,LWX,Flood Warning,Flood,Warning
2008-05-12T03:31:00Z,2008-05-12 03:31,2008-05-12T21:30:00Z,2008-05-12 21:30,26,FA,W,,LWX,Flood Warning,Flood,Warning
2008-05-31T14:27:00Z,2008-05-31 14:27,2008-05-31T19:09:00Z,2008-05-31 19:09,402,TO,A,,LWX,Tornado Watch,Tornado,Watch
2008-05-31T17:28:00Z,2008-05-31 17:28,2008-05-31T18:30:00Z,2008-05-31 18:30,54,SV,W,,LWX,Severe Thunderstorm Warning,Severe Thunderstorm,Warning
2008-05-31T18:50:00Z,2008-05-31 18:50,2008-05-31T19:37:00Z,2008-05-31 19:37,58,SV,W,,LWX,Severe Thunderstorm Warning,Severe Thunderstorm,Warning
2008-06-04T16:49:00Z,2008-06-04 16:49,2008-06-04T23:36:00Z,2008-06-04 23:36,447,TO,A,,LWX,Tornado Watch,Tornado,Watch
2008-06-04T18:55:00Z,2008-06-04 18:55,2008-06-04T20:15:00Z,2008-06-04 20:15,81,SV,W,,LWX,Severe Thunderstorm Warning,Severe Thunderstorm,Warning
2008-06-04T23:36:00Z,2008-06-04 23:36,2008-06-05T04:05:00Z,2008-06-05 04:05,454,TO,A,,LWX,Tornado Watch,Tornado,Watch
2008-06-04T23:46:00Z,2008-06-04 23:46,2008-06-05T00:28:00Z,2008-06-05 00:28,97,SV,W,,LWX,Severe Thunderstorm Warning,Severe Thunderstorm,Warning
2008-06-10T18:55:00Z,2008-06-10 18:55,2008-06-11T02:00:00Z,2008-06-11 02:00,501,SV,A,,LWX,Severe Thunderstorm Watch,Severe Thunderstorm,Watch
2008-06-11T00:04:00Z,2008-06-11 00:04,2008-06-11T00:34:00Z,2008-06-11 00:34,147,SV,W,"     ",LWX,Severe Thunderstorm Warning,Severe Thunderstorm,Warning
2008-06-11T00:47:00Z,2008-06-11 00:47,2008-06-11T01:25:00Z,2008-06-11 01:25,148,SV,W,"     ",LWX,Severe Thunderstorm Warning,Severe Thunderstorm,Warning
2008-06-16T17:25:00Z,2008-06-16 17:25,2008-06-16T23:11:00Z,2008-06-16 23:11,551,SV,A,"     ",LWX,Severe Thunderstorm Watch,Severe Thunderstorm,Watch
2008-06-16T19:52:00Z,2008-06-16 19:52,2008-06-16T20:30:00Z,2008-06-16 20:30,171,SV,W,"     ",LWX,Severe Thunderstorm Warning,Severe Thunderstorm,Warning
2008-06-22T01:03:00Z,2008-06-22 01:03,2008-06-22T01:25:00Z,2008-06-22 01:25,189,SV,W,"     ",LWX,Severe Thunderstorm Warning,Severe Thunderstorm,Warning
2008-06-22T17:15:00Z,2008-06-22 17:15,2008-06-23T00:00:00Z,2008-06-23 00:00,594,SV,A,"     ",LWX,Severe Thunderstorm Watch,Severe Thunderstorm,Watch
2008-06-23T00:20:00Z,2008-06-23 00:20,2008-06-23T00:43:00Z,2008-06-23 00:43,209,SV,W,"     ",LWX,Severe Thunderstorm Warning,Severe Thunderstorm,Warning
2008-06-23T21:00:00Z,2008-06-23 21:00,2008-06-24T02:25:00Z,2008-06-24 02:25,600,SV,A,"     ",LWX,Severe Thunderstorm Watch,Severe Thunderstorm,Watch
2008-06-27T16:40:00Z,2008-06-27 16:40,2008-06-28T00:00:00Z,2008-06-28 00:00,618,SV,A,"     ",LWX,Severe Thunderstorm Watch,Severe Thunderstorm,Watch
2008-06-29T00:48:00Z,2008-06-29 00:48,2008-06-29T01:25:00Z,2008-06-29 01:25,241,SV,W,"     ",LWX,Severe Thunderstorm Warning,Severe Thunderstorm,Warning
2008-06-29T20:39:00Z,2008-06-29 20:39,2008-06-30T06:00:00Z,2008-06-30 06:00,643,SV,A,"     ",LWX,Severe Thunderstorm Watch,Severe Thunderstorm,Watch
2008-06-30T21:18:00Z,2008-06-30 21:18,2008-06-30T21:47:00Z,2008-06-30 21:47,248,SV,W,"     ",LWX,Severe Thunderstorm Warning,Severe Thunderstorm,Warning
2008-07-22T14:06:00Z,2008-07-22 14:06,2008-07-22T16:08:00Z,2008-07-22 16:08,724,SV,A,"     ",LWX,Severe Thunderstorm Watch,Severe Thunderstorm,Watch
2008-07-23T19:27:00Z,2008-07-23 19:27,2008-07-24T01:45:00Z,2008-07-24 01:45,739,SV,A,"     ",LWX,Severe Thunderstorm Watch,Severe Thunderstorm,Watch
2008-07-24T00:36:00Z,2008-07-24 00:36,2008-07-24T04:30:00Z,2008-07-24 04:30,9,FF,W,00000,LWX,Flash Flood Warning,Flash Flood,Warning
2008-07-24T00:38:00Z,2008-07-24 00:38,2008-07-24T01:30:00Z,2008-07-24 01:30,301,SV,W,"     ",LWX,Severe Thunderstorm Warning,Severe Thunderstorm,Warning
2008-07-27T15:30:00Z,2008-07-27 15:30,2008-07-27T21:54:00Z,2008-07-27 21:54,759,SV,A,"     ",LWX,Severe Thunderstorm Watch,Severe Thunderstorm,Watch
2008-07-27T17:30:00Z,2008-07-27 17:30,2008-07-27T18:15:00Z,2008-07-27 18:15,317,SV,W,"     ",LWX,Severe Thunderstorm Warning,Severe Thunderstorm,Warning
2008-07-27T17:46:00Z,2008-07-27 17:46,2008-07-27T18:23:00Z,2008-07-27 18:23,319,SV,W,"     ",LWX,Severe Thunderstorm Warning,Severe Thunderstorm,Warning
2008-07-30T20:54:00Z,2008-07-30 20:54,2008-07-31T00:50:00Z,2008-07-31 00:50,774,SV,A,"     ",LWX,Severe Thunderstorm Watch,Severe Thunderstorm,Watch
2008-08-02T17:56:00Z,2008-08-02 17:56,2008-08-03T00:37:00Z,2008-08-03 00:37,793,SV,A,"     ",LWX,Severe Thunderstorm Watch,Severe Thunderstorm,Watch
2008-08-02T21:07:00Z,2008-08-02 21:07,2008-08-02T21:35:00Z,2008-08-02 21:35,340,SV,W,"     ",LWX,Severe Thunderstorm Warning,Severe Thunderstorm,Warning
2008-08-10T17:36:00Z,2008-08-10 17:36,2008-08-10T23:00:00Z,2008-08-10 23:00,818,SV,A,"     ",LWX,Severe Thunderstorm Watch,Severe Thunderstorm,Watch
2008-08-14T19:40:00Z,2008-08-14 19:40,2008-08-14T20:30:00Z,2008-08-14 20:30,375,SV,W,"     ",LWX,Severe Thunderstorm Warning,Severe Thunderstorm,Warning
2008-08-14T20:27:00Z,2008-08-14 20:27,2008-08-14T22:54:00Z,2008-08-14 22:54,829,SV,A,"     ",LWX,Severe Thunderstorm Watch,Severe Thunderstorm,Watch
2008-08-14T20:30:00Z,2008-08-14 20:30,2008-08-14T20:49:00Z,2008-08-14 20:49,379,SV,W,"     ",LWX,Severe Thunderstorm Warning,Severe Thunderstorm,Warning
2008-09-06T15:20:00Z,2008-09-06 15:20,2008-09-06T21:15:00Z,2008-09-06 21:15,14,FF,W,00000,LWX,Flash Flood Warning,Flash Flood,Warning
2008-09-06T21:13:00Z,2008-09-06 21:13,2008-09-07T01:00:00Z,2008-09-07 01:00,41,FA,W,00000,LWX,Flood Warning,Flood,Warning
2008-09-09T13:34:00Z,2008-09-09 13:34,2008-09-09T16:52:00Z,2008-09-09 16:52,893,SV,A,"     ",LWX,Severe Thunderstorm Watch,Severe Thunderstorm,Watch
2008-11-15T17:25:00Z,2008-11-15 17:25,2008-11-15T19:37:00Z,2008-11-15 19:37,934,TO,A,"     ",LWX,Tornado Watch,Tornado,Watch
2009-02-12T01:21:00Z,2009-02-12 01:21,2009-02-12T03:53:00Z,2009-02-12 03:53,21,SV,A,"     ",LWX,Severe Thunderstorm Watch,Severe Thunderstorm,Watch
2009-02-12T03:07:00Z,2009-02-12 03:07,2009-02-12T03:45:00Z,2009-02-12 03:45,9,SV,W,"     ",LWX,Severe Thunderstorm Warning,Severe Thunderstorm,Warning
2009-04-21T22:31:00Z,2009-04-21 22:31,2009-04-21T23:15:00Z,2009-04-21 23:15,23,SV,W,"     ",LWX,Severe Thunderstorm Warning,Severe Thunderstorm,Warning
2009-05-07T04:22:00Z,2009-05-07 04:22,2009-05-07T07:15:00Z,2009-05-07 07:15,4,FA,W,00000,LWX,Flood Warning,Flood,Warning
2009-05-26T11:15:00Z,2009-05-26 11:15,2009-05-26T15:15:00Z,2009-05-26 15:15,4,FF,W,00000,LWX,Flash Flood Warning,Flash Flood,Warning
2009-05-26T11:27:00Z,2009-05-26 11:27,2009-05-26T15:30:00Z,2009-05-26 15:30,5,FF,W,00000,LWX,Flash Flood Warning,Flash Flood,Warning
2009-05-29T17:27:00Z,2009-05-29 17:27,2009-05-29T22:58:00Z,2009-05-29 22:58,314,SV,A,"     ",LWX,Severe Thunderstorm Watch,Severe Thunderstorm,Watch
2009-06-02T18:00:00Z,2009-06-02 18:00,2009-06-02T22:11:00Z,2009-06-02 22:11,322,SV,A,"     ",LWX,Severe Thunderstorm Watch,Severe Thunderstorm,Watch
2009-06-03T17:09:00Z,2009-06-03 17:09,2009-06-04T01:13:00Z,2009-06-04 01:13,325,SV,A,"     ",LWX,Severe Thunderstorm Watch,Severe Thunderstorm,Watch
2009-06-03T22:44:00Z,2009-06-03 22:44,2009-06-03T23:30:00Z,2009-06-03 23:30,77,SV,W,"     ",LWX,Severe Thunderstorm Warning,Severe Thunderstorm,Warning
2009-06-03T23:33:00Z,2009-06-03 23:33,2009-06-04T02:30:00Z,2009-06-04 02:30,13,FF,W,00000,LWX,Flash Flood Warning,Flash Flood,Warning
2009-06-05T13:58:00Z,2009-06-05 13:58,2009-06-05T19:45:00Z,2009-06-05 19:45,7,FA,W,00000,LWX,Flood Warning,Flood,Warning
2009-06-09T09:47:00Z,2009-06-09 09:47,2009-06-09T10:15:00Z,2009-06-09 10:15,89,SV,W,"     ",LWX,Severe Thunderstorm Warning,Severe Thunderstorm,Warning
2009-06-09T18:07:00Z,2009-06-09 18:07,2009-06-09T22:43:00Z,2009-06-09 22:43,356,SV,A,"     ",LWX,Severe Thunderstorm Watch,Severe Thunderstorm,Watch
2009-06-09T21:13:00Z,2009-06-09 21:13,2009-06-09T22:15:00Z,2009-06-09 22:15,113,SV,W,"     ",LWX,Severe Thunderstorm Warning,Severe Thunderstorm,Warning
2009-06-11T18:00:00Z,2009-06-11 18:00,2009-06-11T21:10:00Z,2009-06-11 21:10,377,SV,A,"     ",LWX,Severe Thunderstorm Watch,Severe Thunderstorm,Watch
2009-06-18T18:27:00Z,2009-06-18 18:27,2009-06-18T21:40:00Z,2009-06-18 21:40,464,SV,A,"     ",LWX,Severe Thunderstorm Watch,Severe Thunderstorm,Watch
2009-06-26T18:43:00Z,2009-06-26 18:43,2009-06-27T02:00:00Z,2009-06-27 02:00,517,SV,A,"     ",LWX,Severe Thunderstorm Watch,Severe Thunderstorm,Watch
2009-06-26T23:15:00Z,2009-06-26 23:15,2009-06-27T00:00:00Z,2009-06-27 00:00,154,SV,W,"     ",LWX,Severe Thunderstorm Warning,Severe Thunderstorm,Warning
2009-07-17T14:32:00Z,2009-07-17 14:32,2009-07-17T19:15:00Z,2009-07-17 19:15,592,SV,A,"     ",LWX,Severe Thunderstorm Watch,Severe Thunderstorm,Watch
2009-07-26T18:15:00Z,2009-07-26 18:15,2009-07-26T22:34:00Z,2009-07-26 22:34,625,SV,A,"     ",LWX,Severe Thunderstorm Watch,Severe Thunderstorm,Watch
2009-07-31T17:20:00Z,2009-07-31 17:20,2009-07-31T20:56:00Z,2009-07-31 20:56,644,SV,A,"     ",LWX,Severe Thunderstorm Watch,Severe Thunderstorm,Watch
2009-08-21T16:39:00Z,2009-08-21 16:39,2009-08-21T19:40:00Z,2009-08-21 19:40,728,SV,A,"     ",LWX,Severe Thunderstorm Watch,Severe Thunderstorm,Watch
2009-12-09T10:15:00Z,2009-12-09 10:15,2009-12-09T12:16:00Z,2009-12-09 12:16,16,FA,W,00000,LWX,Flood Warning,Flood,Warning
2010-04-08T23:45:00Z,2010-04-08 23:45,2010-04-09T00:14:00Z,2010-04-09 00:14,6,SV,W,"     ",LWX,Severe Thunderstorm Warning,Severe Thunderstorm,Warning
2010-04-25T20:38:00Z,2010-04-25 20:38,2010-04-26T02:33:00Z,2010-04-26 02:33,105,SV,A,"     ",LWX,Severe Thunderstorm Watch,Severe Thunderstorm,Watch
2010-05-14T18:34:00Z,2010-05-14 18:34,2010-05-15T01:00:00Z,2010-05-15 01:00,173,SV,A,"     ",LWX,Severe Thunderstorm Watch,Severe Thunderstorm,Watch
2010-05-14T22:20:00Z,2010-05-14 22:20,2010-05-14T23:00:00Z,2010-05-14 23:00,35,SV,W,"     ",LWX,Severe Thunderstorm Warning,Severe Thunderstorm,Warning
2010-05-15T00:12:00Z,2010-05-15 00:12,2010-05-15T00:25:00Z,2010-05-15 00:25,45,SV,W,"     ",LWX,Severe Thunderstorm Warning,Severe Thunderstorm,Warning
2010-05-27T17:25:00Z,2010-05-27 17:25,2010-05-28T01:00:00Z,2010-05-28 01:00,227,SV,A,"     ",LWX,Severe Thunderstorm Watch,Severe Thunderstorm,Watch
2010-05-28T02:38:00Z,2010-05-28 02:38,2010-05-28T03:18:00Z,2010-05-28 03:18,60,SV,W,"     ",LWX,Severe Thunderstorm Warning,Severe Thunderstorm,Warning
2010-06-03T17:34:00Z,2010-06-03 17:34,2010-06-04T00:00:00Z,2010-06-04 00:00,251,SV,A,"     ",LWX,Severe Thunderstorm Watch,Severe Thunderstorm,Watch
2010-06-04T18:45:00Z,2010-06-04 18:45,2010-06-05T01:32:00Z,2010-06-05 01:32,255,SV,A,"     ",LWX,Severe Thunderstorm Watch,Severe Thunderstorm,Watch
2010-06-06T16:42:00Z,2010-06-06 16:42,2010-06-06T21:40:00Z,2010-06-06 21:40,273,TO,A,"     ",LWX,Tornado Watch,Tornado,Watch
2010-06-12T20:50:00Z,2010-06-12 20:50,2010-06-12T22:36:00Z,2010-06-12 22:36,303,SV,A,"     ",LWX,Severe Thunderstorm Watch,Severe Thunderstorm,Watch
2010-06-24T16:28:00Z,2010-06-24 16:28,2010-06-24T21:17:00Z,2010-06-24 21:17,406,SV,A,"     ",LWX,Severe Thunderstorm Watch,Severe Thunderstorm,Watch
2010-06-28T17:19:00Z,2010-06-28 17:19,2010-06-28T21:50:00Z,2010-06-28 21:50,426,SV,A,"     ",LWX,Severe Thunderstorm Watch,Severe Thunderstorm,Watch
2010-06-28T18:41:00Z,2010-06-28 18:41,2010-06-28T19:30:00Z,2010-06-28 19:30,142,SV,W,"     ",LWX,Severe Thunderstorm Warning,Severe Thunderstorm,Warning
2010-07-14T03:06:00Z,2010-07-14 03:06,2010-07-14T06:00:00Z,2010-07-14 06:00,27,FF,W,00000,LWX,Flash Flood Warning,Flash Flood,Warning
2010-07-19T21:44:00Z,2010-07-19 21:44,2010-07-19T22:17:00Z,2010-07-19 22:17,159,SV,W,"     ",LWX,Severe Thunderstorm Warning,Severe Thunderstorm,Warning
2010-07-25T17:47:00Z,2010-07-25 17:47,2010-07-25T20:18:00Z,2010-07-25 20:18,535,SV,A,"     ",LWX,Severe Thunderstorm Watch,Severe Thunderstorm,Watch
2010-07-25T19:07:00Z,2010-07-25 19:07,2010-07-25T19:45:00Z,2010-07-25 19:45,168,SV,W,"     ",LWX,Severe Thunderstorm Warning,Severe Thunderstorm,Warning
2010-07-25T19:42:00Z,2010-07-25 19:42,2010-07-25T20:29:00Z,2010-07-25 20:29,169,SV,W,"     ",LWX,Severe Thunderstorm Warning,Severe Thunderstorm,Warning
2010-07-29T15:54:00Z,2010-07-29 15:54,2010-07-29T21:24:00Z,2010-07-29 21:24,548,SV,A,"     ",LWX,Severe Thunderstorm Watch,Severe Thunderstorm,Watch
2010-07-29T17:16:00Z,2010-07-29 17:16,2010-07-29T17:44:00Z,2010-07-29 17:44,173,SV,W,"     ",LWX,Severe Thunderstorm Warning,Severe Thunderstorm,Warning
2010-08-04T21:58:00Z,2010-08-04 21:58,2010-08-05T01:50:00Z,2010-08-05 01:50,570,SV,A,"     ",LWX,Severe Thunderstorm Watch,Severe Thunderstorm,Watch
2010-08-05T17:20:00Z,2010-08-05 17:20,2010-08-05T23:37:00Z,2010-08-05 23:37,575,SV,A,"     ",LWX,Severe Thunderstorm Watch,Severe Thunderstorm,Watch
2010-08-05T19:01:00Z,2010-08-05 19:01,2010-08-05T19:45:00Z,2010-08-05 19:45,189,SV,W,"     ",LWX,Severe Thunderstorm Warning,Severe Thunderstorm,Warning
2010-08-05T19:45:00Z,2010-08-05 19:45,2010-08-05T20:01:00Z,2010-08-05 20:01,192,SV,W,"     ",LWX,Severe Thunderstorm Warning,Severe Thunderstorm,Warning
2010-08-05T19:53:00Z,2010-08-05 19:53,2010-08-05T20:45:00Z,2010-08-05 20:45,193,SV,W,"     ",LWX,Severe Thunderstorm Warning,Severe Thunderstorm,Warning
2010-08-12T11:07:00Z,2010-08-12 11:07,2010-08-12T11:45:00Z,2010-08-12 11:45,203,SV,W,"     ",LWX,Severe Thunderstorm Warning,Severe Thunderstorm,Warning
2010-08-12T11:40:00Z,2010-08-12 11:40,2010-08-12T12:09:00Z,2010-08-12 12:09,204,SV,W,"     ",LWX,Severe Thunderstorm Warning,Severe Thunderstorm,Warning
2010-08-12T18:51:00Z,2010-08-12 18:51,2010-08-12T23:48:00Z,2010-08-12 23:48,602,SV,A,"     ",LWX,Severe Thunderstorm Watch,Severe Thunderstorm,Watch
2010-08-12T21:49:00Z,2010-08-12 21:49,2010-08-12T23:44:00Z,2010-08-12 23:44,35,FF,W,00000,LWX,Flash Flood Warning,Flash Flood,Warning
2010-08-16T18:15:00Z,2010-08-16 18:15,2010-08-16T23:47:00Z,2010-08-16 23:47,620,SV,A,"     ",LWX,Severe Thunderstorm Watch,Severe Thunderstorm,Watch
2010-08-18T10:18:00Z,2010-08-18 10:18,2010-08-18T14:15:00Z,2010-08-18 14:15,24,FA,W,00000,LWX,Flood Warning,Flood,Warning
2010-09-22T18:45:00Z,2010-09-22 18:45,2010-09-23T01:14:00Z,2010-09-23 01:14,682,SV,A,"     ",LWX,Severe Thunderstorm Watch,Severe Thunderstorm,Watch
2010-09-30T08:56:00Z,2010-09-30 08:56,2010-09-30T16:45:00Z,2010-09-30 16:45,688,TO,A,"     ",LWX,Tornado Watch,Tornado,Watch
2010-09-30T08:57:00Z,2010-09-30 08:57,2010-09-30T14:45:00Z,2010-09-30 14:45,46,FF,W,00000,LWX,Flash Flood Warning,Flash Flood,Warning
2010-09-30T14:38:00Z,2010-09-30 14:38,2010-09-30T20:30:00Z,2010-09-30 20:30,50,FF,W,00000,LWX,Flash Flood Warning,Flash Flood,Warning
2010-09-30T22:13:00Z,2010-09-30 22:13,2010-10-01T04:15:00Z,2010-10-01 04:15,54,FF,W,00000,LWX,Flash Flood Warning,Flash Flood,Warning
2010-10-26T23:23:00Z,2010-10-26 23:23,2010-10-27T07:00:00Z,2010-10-27 07:00,729,TO,A,"     ",LWX,Tornado Watch,Tornado,Watch
2010-10-27T16:15:00Z,2010-10-27 16:15,2010-10-27T18:49:00Z,2010-10-27 18:49,733,TO,A,"     ",LWX,Tornado Watch,Tornado,Watch
2010-10-27T17:17:00Z,2010-10-27 17:17,2010-10-27T18:39:00Z,2010-10-27 18:39,59,FF,W,00000,LWX,Flash Flood Warning,Flash Flood,Warning
2010-11-17T05:06:00Z,2010-11-17 05:06,2010-11-17T06:45:00Z,2010-11-17 06:45,742,SV,A,"     ",LWX,Severe Thunderstorm Watch,Severe Thunderstorm,Watch
2010-11-17T05:35:00Z,2010-11-17 05:35,2010-11-17T06:15:00Z,2010-11-17 06:15,244,SV,W,"     ",LWX,Severe Thunderstorm Warning,Severe Thunderstorm,Warning
2010-12-01T08:48:00Z,2010-12-01 08:48,2010-12-01T14:45:00Z,2010-12-01 14:45,762,TO,A,"     ",LWX,Tornado Watch,Tornado,Watch
2011-02-25T17:20:00Z,2011-02-25 17:20,2011-02-25T19:07:00Z,2011-02-25 19:07,19,SV,A,"     ",LWX,Severe Thunderstorm Watch,Severe Thunderstorm,Watch
2011-02-28T14:00:00Z,2011-02-28 14:00,2011-02-28T17:42:00Z,2011-02-28 17:42,32,TO,A,"     ",LWX,Tornado Watch,Tornado,Watch
2011-03-06T20:34:00Z,2011-03-06 20:34,2011-03-07T02:30:00Z,2011-03-07 02:30,2,FA,W,00000,LWX,Flood Warning,Flood,Warning
2011-03-06T20:48:00Z,2011-03-06 20:48,2011-03-07T02:45:00Z,2011-03-07 02:45,3,FA,W,00000,LWX,Flood Warning,Flood,Warning
2011-03-10T20:04:00Z,2011-03-10 20:04,2011-03-10T22:53:00Z,2011-03-10 22:53,6,FA,W,00000,LWX,Flood Warning,Flood,Warning
2011-03-10T22:48:00Z,2011-03-10 22:48,2011-03-11T02:45:00Z,2011-03-11 02:45,4,FF,W,00000,LWX,Flash Flood Warning,Flash Flood,Warning
2011-03-10T23:25:00Z,2011-03-10 23:25,2011-03-11T00:56:00Z,2011-03-11 00:56,49,SV,A,"     ",LWX,Severe Thunderstorm Watch,Severe Thunderstorm,Watch
2011-03-23T20:15:00Z,2011-03-23 20:15,2011-03-24T01:04:00Z,2011-03-24 01:04,57,SV,A,"     ",LWX,Severe Thunderstorm Watch,Severe Thunderstorm,Watch
2011-04-05T06:20:00Z,2011-04-05 06:20,2011-04-05T09:10:00Z,2011-04-05 09:10,101,TO,A,"     ",LWX,Tornado Watch,Tornado,Watch
2011-04-05T08:29:00Z,2011-04-05 08:29,2011-04-05T09:04:00Z,2011-04-05 09:04,25,SV,W,"     ",LWX,Severe Thunderstorm Warning,Severe Thunderstorm,Warning
2011-04-16T17:29:00Z,2011-04-16 17:29,2011-04-17T01:00:00Z,2011-04-17 01:00,151,TO,A,"     ",LWX,Tornado Watch,Tornado,Watch
2011-04-24T19:40:00Z,2011-04-24 19:40,2011-04-25T01:00:00Z,2011-04-25 01:00,195,SV,A,"     ",LWX,Severe Thunderstorm Watch,Severe Thunderstorm,Watch
2011-04-25T00:06:00Z,2011-04-25 00:06,2011-04-25T00:45:00Z,2011-04-25 00:45,57,SV,W,"     ",LWX,Severe Thunderstorm Warning,Severe Thunderstorm,Warning
2011-04-25T00:24:00Z,2011-04-25 00:24,2011-04-25T00:44:00Z,2011-04-25 00:44,58,SV,W,"     ",LWX,Severe Thunderstorm Warning,Severe Thunderstorm,Warning
2011-04-27T18:08:00Z,2011-04-27 18:08,2011-04-27T22:19:00Z,2011-04-27 22:19,233,TO,A,"     ",LWX,Tornado Watch,Tornado,Watch
2011-04-27T22:19:00Z,2011-04-27 22:19,2011-04-28T04:42:00Z,2011-04-28 04:42,240,TO,A,"     ",LWX,Tornado Watch,Tornado,Watch
2011-04-28T04:42:00Z,2011-04-28 04:42,2011-04-28T11:41:00Z,2011-04-28 11:41,247,TO,A,"     ",LWX,Tornado Watch,Tornado,Watch
2011-04-28T11:41:00Z,2011-04-28 11:41,2011-04-28T16:28:00Z,2011-04-28 16:28,251,TO,A,"     ",LWX,Tornado Watch,Tornado,Watch
2011-05-18T17:02:00Z,2011-05-18 17:02,2011-05-19T00:20:00Z,2011-05-19 00:20,305,SV,A,"     ",LWX,Severe Thunderstorm Watch,Severe Thunderstorm,Watch
2011-05-23T14:56:00Z,2011-05-23 14:56,2011-05-23T23:10:00Z,2011-05-23 23:10,338,SV,A,"     ",LWX,Severe Thunderstorm Watch,Severe Thunderstorm,Watch
2011-05-27T16:58:00Z,2011-05-27 16:58,2011-05-28T00:51:00Z,2011-05-28 00:51,388,SV,A,"     ",LWX,Severe Thunderstorm Watch,Severe Thunderstorm,Watch
2011-05-27T23:21:00Z,2011-05-27 23:21,2011-05-28T00:00:00Z,2011-05-28 00:00,157,SV,W,"     ",LWX,Severe Thunderstorm Warning,Severe Thunderstorm,Warning
2011-06-01T18:25:00Z,2011-06-01 18:25,2011-06-02T00:45:00Z,2011-06-02 00:45,412,SV,A,"     ",LWX,Severe Thunderstorm Watch,Severe Thunderstorm,Watch
2011-06-01T22:39:00Z,2011-06-01 22:39,2011-06-01T23:08:00Z,2011-06-01 23:08,170,SV,W,"     ",LWX,Severe Thunderstorm Warning,Severe Thunderstorm,Warning
2011-06-09T20:28:00Z,2011-06-09 20:28,2011-06-10T00:00:00Z,2011-06-10 00:00,451,SV,A,"     ",LWX,Severe Thunderstorm Watch,Severe Thunderstorm,Watch
2011-06-12T17:51:00Z,2011-06-12 17:51,2011-06-12T21:53:00Z,2011-06-12 21:53,467,SV,A,"     ",LWX,Severe Thunderstorm Watch,Severe Thunderstorm,Watch
2011-06-12T21:00:00Z,2011-06-12 21:00,2011-06-12T21:45:00Z,2011-06-12 21:45,224,SV,W,"     ",LWX,Severe Thunderstorm Warning,Severe Thunderstorm,Warning
2011-07-03T20:21:00Z,2011-07-03 20:21,2011-07-04T01:34:00Z,2011-07-04 01:34,589,SV,A,"     ",LWX,Severe Thunderstorm Watch,Severe Thunderstorm,Watch
2011-07-03T21:58:00Z,2011-07-03 21:58,2011-07-03T23:00:00Z,2011-07-03 23:00,255,SV,W,"     ",LWX,Severe Thunderstorm Warning,Severe Thunderstorm,Warning
2011-07-03T22:36:00Z,2011-07-03 22:36,2011-07-03T22:49:00Z,2011-07-03 22:49,259,SV,W,"     ",LWX,Severe Thunderstorm Warning,Severe Thunderstorm,Warning
2011-07-08T17:53:00Z,2011-07-08 17:53,2011-07-08T21:49:00Z,2011-07-08 21:49,610,SV,A,"     ",LWX,Severe Thunderstorm Watch,Severe Thunderstorm,Watch
2011-07-11T22:59:00Z,2011-07-11 22:59,2011-07-12T02:03:00Z,2011-07-12 02:03,631,SV,A,"     ",LWX,Severe Thunderstorm Watch,Severe Thunderstorm,Watch
2011-07-12T00:06:00Z,2011-07-12 00:06,2011-07-12T00:45:00Z,2011-07-12 00:45,287,SV,W,"     ",LWX,Severe Thunderstorm Warning,Severe Thunderstorm,Warning
2011-07-12T00:46:00Z,2011-07-12 00:46,2011-07-12T01:30:00Z,2011-07-12 01:30,290,SV,W,"     ",LWX,Severe Thunderstorm Warning,Severe Thunderstorm,Warning
2011-07-13T18:23:00Z,2011-07-13 18:23,2011-07-13T20:30:00Z,2011-07-13 20:30,638,SV,A,"     ",LWX,Severe Thunderstorm Watch,Severe Thunderstorm,Watch
2011-07-13T18:33:00Z,2011-07-13 18:33,2011-07-13T19:15:00Z,2011-07-13 19:15,294,SV,W,"     ",LWX,Severe Thunderstorm Warning,Severe Thunderstorm,Warning
2011-07-13T19:07:00Z,2011-07-13 19:07,2011-07-13T22:15:00Z,2011-07-13 22:15,77,FF,W,00000,LWX,Flash Flood Warning,Flash Flood,Warning
2011-07-13T19:13:00Z,2011-07-13 19:13,2011-07-13T20:00:00Z,2011-07-13 20:00,296,SV,W,"     ",LWX,Severe Thunderstorm Warning,Severe Thunderstorm,Warning
2011-07-13T19:45:00Z,2011-07-13 19:45,2011-07-13T22:45:00Z,2011-07-13 22:45,78,FF,W,00000,LWX,Flash Flood Warning,Flash Flood,Warning
2011-08-19T23:13:00Z,2011-08-19 23:13,2011-08-19T23:48:00Z,2011-08-19 23:48,390,SV,W,"     ",LWX,Severe Thunderstorm Warning,Severe Thunderstorm,Warning
2011-08-19T23:43:00Z,2011-08-19 23:43,2011-08-20T01:10:00Z,2011-08-20 01:10,115,FF,W,00000,LWX,Flash Flood Warning,Flash Flood,Warning
2011-08-21T16:56:00Z,2011-08-21 16:56,2011-08-21T22:33:00Z,2011-08-21 22:33,794,SV,A,"     ",LWX,Severe Thunderstorm Watch,Severe Thunderstorm,Watch
2011-08-25T19:25:00Z,2011-08-25 19:25,2011-08-25T21:00:00Z,2011-08-25 21:00,807,SV,A,"     ",LWX,Severe Thunderstorm Watch,Severe Thunderstorm,Watch
2011-08-27T21:26:00Z,2011-08-27 21:26,2011-08-28T06:00:00Z,2011-08-28 06:00,121,FF,W,00000,LWX,Flash Flood Warning,Flash Flood,Warning
2011-08-28T05:58:00Z,2011-08-28 05:58,2011-08-28T12:00:00Z,2011-08-28 12:00,44,FA,W,00000,LWX,Flood Warning,Flood,Warning
2011-09-07T14:47:00Z,2011-09-07 14:47,2011-09-07T21:26:00Z,2011-09-07 21:26,134,FF,W,00000,LWX,Flash Flood Warning,Flash Flood,Warning
2011-09-07T21:25:00Z,2011-09-07 21:25,2011-09-08T03:15:00Z,2011-09-08 03:15,51,FA,W,00000,LWX,Flood Warning,Flood,Warning
2011-09-08T01:09:00Z,2011-09-08 01:09,2011-09-08T04:00:00Z,2011-09-08 04:00,141,FF,W,00000,LWX,Flash Flood Warning,Flash Flood,Warning
2011-09-08T07:55:00Z,2011-09-08 07:55,2011-09-08T21:45:00Z,2011-09-08 21:45,52,FA,W,00000,LWX,Flood Warning,Flood,Warning
2011-09-08T16:23:00Z,2011-09-08 16:23,2011-09-09T03:15:00Z,2011-09-09 03:15,150,FF,W,00000,LWX,Flash Flood Warning,Flash Flood,Warning
2011-09-09T02:59:00Z,2011-09-09 02:59,2011-09-09T13:00:00Z,2011-09-09 13:00,56,FA,W,00000,LWX,Flood Warning,Flood,Warning
2011-09-29T00:18:00Z,2011-09-29 00:18,2011-09-29T02:05:00Z,2011-09-29 02:05,170,FF,W,00000,LWX,Flash Flood Warning,Flash Flood,Warning
2011-10-13T20:37:00Z,2011-10-13 20:37,2011-10-13T23:49:00Z,2011-10-13 23:49,866,TO,A,"     ",LWX,Tornado Watch,Tornado,Watch
2011-12-07T19:08:00Z,2011-12-07 19:08,2011-12-08T04:51:00Z,2011-12-08 04:51,67,FA,W,00000,LWX,Flood Warning,Flood,Warning
2012-05-29T22:04:00Z,2012-05-29 22:04,2012-05-30T01:02:00Z,2012-05-30 01:02,316,SV,A,"     ",LWX,Severe Thunderstorm Watch,Severe Thunderstorm,Watch
2012-06-01T17:51:00Z,2012-06-01 17:51,2012-06-02T00:01:00Z,2012-06-02 00:01,333,TO,A,"     ",LWX,Tornado Watch,Tornado,Watch
2012-06-01T19:23:00Z,2012-06-01 19:23,2012-06-01T19:38:00Z,2012-06-01 19:38,49,SV,W,"     ",LWX,Severe Thunderstorm Warning,Severe Thunderstorm,Warning
2012-06-01T20:29:00Z,2012-06-01 20:29,2012-06-01T21:15:00Z,2012-06-01 21:15,55,SV,W,"     ",LWX,Severe Thunderstorm Warning,Severe Thunderstorm,Warning
2012-06-01T20:49:00Z,2012-06-01 20:49,2012-06-01T21:18:00Z,2012-06-01 21:18,57,SV,W,"     ",LWX,Severe Thunderstorm Warning,Severe Thunderstorm,Warning
2012-06-01T21:32:00Z,2012-06-01 21:32,2012-06-02T03:30:00Z,2012-06-02 03:30,19,FF,W,00000,LWX,Flash Flood Warning,Flash Flood,Warning
2012-06-02T00:01:00Z,2012-06-02 00:01,2012-06-02T02:56:00Z,2012-06-02 02:56,338,TO,A,"     ",LWX,Tornado Watch,Tornado,Watch
2012-06-02T03:28:00Z,2012-06-02 03:28,2012-06-02T08:53:00Z,2012-06-02 08:53,17,FA,W,00000,LWX,Flood Warning,Flood,Warning
2012-06-22T18:15:00Z,2012-06-22 18:15,2012-06-23T01:00:00Z,2012-06-23 01:00,418,SV,A,"     ",LWX,Severe Thunderstorm Watch,Severe Thunderstorm,Watch
2012-06-29T22:36:00Z,2012-06-29 22:36,2012-06-30T04:35:00Z,2012-06-30 04:35,438,SV,A,"     ",LWX,Severe Thunderstorm Watch,Severe Thunderstorm,Watch
2012-06-30T02:10:00Z,2012-06-30 02:10,2012-06-30T03:15:00Z,2012-06-30 03:15,118,SV,W,"     ",LWX,Severe Thunderstorm Warning,Severe Thunderstorm,Warning
2012-06-30T02:42:00Z,2012-06-30 02:42,2012-06-30T03:25:00Z,2012-06-30 03:25,120,SV,W,"     ",LWX,Severe Thunderstorm Warning,Severe Thunderstorm,Warning
2012-07-08T17:44:00Z,2012-07-08 17:44,2012-07-09T00:45:00Z,2012-07-09 00:45,481,SV,A,"     ",LWX,Severe Thunderstorm Watch,Severe Thunderstorm,Watch
2012-07-08T20:14:00Z,2012-07-08 20:14,2012-07-08T21:00:00Z,2012-07-08 21:00,169,SV,W,"     ",LWX,Severe Thunderstorm Warning,Severe Thunderstorm,Warning
2012-07-09T03:48:00Z,2012-07-09 03:48,2012-07-09T04:09:00Z,2012-07-09 04:09,187,SV,W,"     ",LWX,Severe Thunderstorm Warning,Severe Thunderstorm,Warning
2012-07-18T16:54:00Z,2012-07-18 16:54,2012-07-18T22:37:00Z,2012-07-18 22:37,491,SV,A,"     ",LWX,Severe Thunderstorm Watch,Severe Thunderstorm,Watch
2012-07-20T01:34:00Z,2012-07-20 01:34,2012-07-20T02:15:00Z,2012-07-20 02:15,221,SV,W,"     ",LWX,Severe Thunderstorm Warning,Severe Thunderstorm,Warning
2012-07-20T02:24:00Z,2012-07-20 02:24,2012-07-20T04:59:00Z,2012-07-20 04:59,39,FF,W,00000,LWX,Flash Flood Warning,Flash Flood,Warning
2012-07-24T17:10:00Z,2012-07-24 17:10,2012-07-24T22:25:00Z,2012-07-24 22:25,510,SV,A,"     ",LWX,Severe Thunderstorm Watch,Severe Thunderstorm,Watch
2012-07-26T21:54:00Z,2012-07-26 21:54,2012-07-27T02:42:00Z,2012-07-27 02:42,528,SV,A,"     ",LWX,Severe Thunderstorm Watch,Severe Thunderstorm,Watch
2012-07-28T17:37:00Z,2012-07-28 17:37,2012-07-28T23:20:00Z,2012-07-28 23:20,535,SV,A,"     ",LWX,Severe Thunderstorm Watch,Severe Thunderstorm,Watch
2012-08-05T19:36:00Z,2012-08-05 19:36,2012-08-05T22:45:00Z,2012-08-05 22:45,564,SV,A,"     ",LWX,Severe Thunderstorm Watch,Severe Thunderstorm,Watch
2012-09-02T01:43:00Z,2012-09-02 01:43,2012-09-02T02:24:00Z,2012-09-02 02:24,314,SV,W,"     ",LWX,Severe Thunderstorm Warning,Severe Thunderstorm,Warning
2012-09-08T16:16:00Z,2012-09-08 16:16,2012-09-08T20:47:00Z,2012-09-08 20:47,636,SV,A,"     ",LWX,Severe Thunderstorm Watch,Severe Thunderstorm,Watch
2012-09-08T19:22:00Z,2012-09-08 19:22,2012-09-08T20:30:00Z,2012-09-08 20:30,324,SV,W,"     ",LWX,Severe Thunderstorm Warning,Severe Thunderstorm,Warning
2012-09-08T19:44:00Z,2012-09-08 19:44,2012-09-08T19:59:00Z,2012-09-08 19:59,39,TO,W,"     ",LWX,Tornado Warning,Tornado,Warning
2012-09-08T19:58:00Z,2012-09-08 19:58,2012-09-08T20:33:00Z,2012-09-08 20:33,325,SV,W,"     ",LWX,Severe Thunderstorm Warning,Severe Thunderstorm,Warning
2012-09-18T14:54:00Z,2012-09-18 14:54,2012-09-18T20:10:00Z,2012-09-18 20:10,642,TO,A,"     ",LWX,Tornado Watch,Tornado,Watch
2012-09-18T18:18:00Z,2012-09-18 18:18,2012-09-18T19:15:00Z,2012-09-18 19:15,336,SV,W,"     ",LWX,Severe Thunderstorm Warning,Severe Thunderstorm,Warning
2012-09-18T19:09:00Z,2012-09-18 19:09,2012-09-18T19:35:00Z,2012-09-18 19:35,339,SV,W,"     ",LWX,Severe Thunderstorm Warning,Severe Thunderstorm,Warning
2012-09-27T22:36:00Z,2012-09-27 22:36,2012-09-28T03:05:00Z,2012-09-28 03:05,654,SV,A,"     ",LWX,Severe Thunderstorm Watch,Severe Thunderstorm,Watch
2012-10-29T16:54:00Z,2012-10-29 16:54,2012-10-30T14:52:00Z,2012-10-30 14:52,29,FA,W,00000,LWX,Flood Warning,Flood,Warning
2013-01-30T23:31:00Z,2013-01-30 23:31,2013-01-31T03:39:00Z,2013-01-31 03:39,24,TO,A,,LWX,Tornado Watch,Tornado,Watch
2013-01-31T00:41:00Z,2013-01-31 00:41,2013-01-31T01:30:00Z,2013-01-31 01:30,4,SV,W,,LWX,Severe Thunderstorm Warning,Severe Thunderstorm,Warning
2013-01-31T03:30:00Z,2013-01-31 03:30,2013-01-31T08:11:00Z,2013-01-31 08:11,5,FF,W,00000,LWX,Flash Flood Warning,Flash Flood,Warning
2013-04-19T18:31:00Z,2013-04-19 18:31,2013-04-19T23:49:00Z,2013-04-19 23:49,131,TO,A,,LWX,Tornado Watch,Tornado,Watch
2013-04-19T22:48:00Z,2013-04-19 22:48,2013-04-19T23:30:00Z,2013-04-19 23:30,12,SV,W,,LWX,Severe Thunderstorm Warning,Severe Thunderstorm,Warning
2013-05-24T02:43:00Z,2013-05-24 02:43,2013-05-24T03:16:00Z,2013-05-24 03:16,50,SV,W,,LWX,Severe Thunderstorm Warning,Severe Thunderstorm,Warning
2013-05-28T22:37:00Z,2013-05-28 22:37,2013-05-28T23:15:00Z,2013-05-28 23:15,51,SV,W,,LWX,Severe Thunderstorm Warning,Severe Thunderstorm,Warning
2013-05-28T23:21:00Z,2013-05-28 23:21,2013-05-29T01:11:00Z,2013-05-29 01:11,19,FF,W,00000,LWX,Flash Flood Warning,Flash Flood,Warning
2013-06-10T18:06:00Z,2013-06-10 18:06,2013-06-11T01:08:00Z,2013-06-11 01:08,293,TO,A,,LWX,Tornado Watch,Tornado,Watch
2013-06-10T18:58:00Z,2013-06-10 18:58,2013-06-10T21:06:00Z,2013-06-10 21:06,27,FF,W,00000,LWX,Flash Flood Warning,Flash Flood,Warning
2013-06-10T23:53:00Z,2013-06-10 23:53,2013-06-11T02:45:00Z,2013-06-11 02:45,31,FF,W,00000,LWX,Flash Flood Warning,Flash Flood,Warning
2013-06-11T02:32:00Z,2013-06-11 02:32,2013-06-11T05:00:00Z,2013-06-11 05:00,72,FA,W,00000,LWX,Flood Warning,Flood,Warning
2013-06-13T08:00:00Z,2013-06-13 08:00,2013-06-13T13:51:00Z,2013-06-13 13:51,303,SV,A,,LWX,Severe Thunderstorm Watch,Severe Thunderstorm,Watch
2013-06-13T16:22:00Z,2013-06-13 16:22,2013-06-13T21:05:00Z,2013-06-13 21:05,306,SV,A,,LWX,Severe Thunderstorm Watch,Severe Thunderstorm,Watch
2013-06-13T19:29:00Z,2013-06-13 19:29,2013-06-13T20:01:00Z,2013-06-13 20:01,81,SV,W,,LWX,Severe Thunderstorm Warning,Severe Thunderstorm,Warning
2013-06-24T18:45:00Z,2013-06-24 18:45,2013-06-24T21:59:00Z,2013-06-24 21:59,355,SV,A,,LWX,Severe Thunderstorm Watch,Severe Thunderstorm,Watch
2013-06-26T00:48:00Z,2013-06-26 00:48,2013-06-26T03:48:00Z,2013-06-26 03:48,367,SV,A,,LWX,Severe Thunderstorm Watch,Severe Thunderstorm,Watch
2013-06-26T02:33:00Z,2013-06-26 02:33,2013-06-26T03:30:00Z,2013-06-26 03:30,102,SV,W,,LWX,Severe Thunderstorm Warning,Severe Thunderstorm,Warning
2013-06-26T18:55:00Z,2013-06-26 18:55,2013-06-26T22:56:00Z,2013-06-26 22:56,373,SV,A,,LWX,Severe Thunderstorm Watch,Severe Thunderstorm,Watch
2013-06-27T18:00:00Z,2013-06-27 18:00,2013-06-27T20:10:00Z,2013-06-27 20:10,377,TO,A,,LWX,Tornado Watch,Tornado,Watch
2013-06-28T18:10:00Z,2013-06-28 18:10,2013-06-28T23:34:00Z,2013-06-28 23:34,387,SV,A,,LWX,Severe Thunderstorm Watch,Severe Thunderstorm,Watch
2013-06-28T19:31:00Z,2013-06-28 19:31,2013-06-28T20:00:00Z,2013-06-28 20:00,122,SV,W,,LWX,Severe Thunderstorm Warning,Severe Thunderstorm,Warning
2013-06-28T19:45:00Z,2013-06-28 19:45,2013-06-28T20:15:00Z,2013-06-28 20:15,126,SV,W,,LWX,Severe Thunderstorm Warning,Severe Thunderstorm,Warning
2013-06-28T19:53:00Z,2013-06-28 19:53,2013-06-28T20:17:00Z,2013-06-28 20:17,128,SV,W,,LWX,Severe Thunderstorm Warning,Severe Thunderstorm,Warning
2013-06-28T20:04:00Z,2013-06-28 20:04,2013-06-28T22:00:00Z,2013-06-28 22:00,50,FF,W,00000,LWX,Flash Flood Warning,Flash Flood,Warning
2013-06-28T22:03:00Z,2013-06-28 22:03,2013-06-28T23:30:00Z,2013-06-28 23:30,52,FF,W,00000,LWX,Flash Flood Warning,Flash Flood,Warning
2013-06-29T00:39:00Z,2013-06-29 00:39,2013-06-29T04:30:00Z,2013-06-29 04:30,82,FA,W,00000,LWX,Flood Warning,Flood,Warning
2013-07-07T17:18:00Z,2013-07-07 17:18,2013-07-07T23:09:00Z,2013-07-07 23:09,394,SV,A,,LWX,Severe Thunderstorm Watch,Severe Thunderstorm,Watch
2013-07-12T04:14:00Z,2013-07-12 04:14,2013-07-12T07:15:00Z,2013-07-12 07:15,63,FF,W,00000,LWX,Flash Flood Warning,Flash Flood,Warning
2013-07-12T07:08:00Z,2013-07-12 07:08,2013-07-12T10:00:00Z,2013-07-12 10:00,66,FF,W,00000,LWX,Flash Flood Warning,Flash Flood,Warning
2013-07-12T09:47:00Z,2013-07-12 09:47,2013-07-12T17:31:00Z,2013-07-12 17:31,91,FA,W,00000,LWX,Flood Warning,Flood,Warning
2013-07-20T17:10:00Z,2013-07-20 17:10,2013-07-20T23:09:00Z,2013-07-20 23:09,425,SV,A,,LWX,Severe Thunderstorm Watch,Severe Thunderstorm,Watch
2013-08-13T23:57:00Z,2013-08-13 23:57,2013-08-14T00:45:00Z,2013-08-14 00:45,180,SV,W,,LWX,Severe Thunderstorm Warning,Severe Thunderstorm,Warning
2013-09-12T18:50:00Z,2013-09-12 18:50,2013-09-12T21:53:00Z,2013-09-12 21:53,525,SV,A,,LWX,Severe Thunderstorm Watch,Severe Thunderstorm,Watch
2013-09-12T20:19:00Z,2013-09-12 20:19,2013-09-12T21:00:00Z,2013-09-12 21:00,196,SV,W,,LWX,Severe Thunderstorm Warning,Severe Thunderstorm,Warning
2013-10-07T13:01:00Z,2013-10-07 13:01,2013-10-07T17:21:00Z,2013-10-07 17:21,543,TO,A,,LWX,Tornado Watch,Tornado,Watch
2013-10-11T23:51:00Z,2013-10-11 23:51,2013-10-12T09:22:00Z,2013-10-12 09:22,101,FA,W,00000,LWX,Flood Warning,Flood,Warning
2013-12-22T08:37:00Z,2013-12-22 08:37,2013-12-22T12:52:00Z,2013-12-22 12:52,590,SV,A,,LWX,Severe Thunderstorm Watch,Severe Thunderstorm,Watch
2014-02-21T15:39:00Z,2014-02-21 15:39,2014-02-21T17:30:00Z,2014-02-21 17:30,24,TO,A,,LWX,Tornado Watch,Tornado,Watch
2014-03-12T21:03:00Z,2014-03-12 21:03,2014-03-12T23:07:00Z,2014-03-12 23:07,28,SV,A,,LWX,Severe Thunderstorm Watch,Severe Thunderstorm,Watch
2014-04-30T13:04:00Z,2014-04-30 13:04,2014-05-01T14:12:00Z,2014-05-01 14:12,10,FA,W,00000,LWX,Flood Warning,Flood,Warning
2014-05-15T19:50:00Z,2014-05-15 19:50,2014-05-15T22:47:00Z,2014-05-15 22:47,157,SV,A,,LWX,Severe Thunderstorm Watch,Severe Thunderstorm,Watch
2014-05-16T09:00:00Z,2014-05-16 09:00,2014-05-16T22:45:00Z,2014-05-16 22:45,25,FA,W,00000,LWX,Flood Warning,Flood,Warning
2014-05-16T11:11:00Z,2014-05-16 11:11,2014-05-16T14:15:00Z,2014-05-16 14:15,11,FF,W,00000,LWX,Flash Flood Warning,Flash Flood,Warning
2014-05-22T18:19:00Z,2014-05-22 18:19,2014-05-22T22:19:00Z,2014-05-22 22:19,174,SV,A,,LWX,Severe Thunderstorm Watch,Severe Thunderstorm,Watch
2014-05-27T18:15:00Z,2014-05-27 18:15,2014-05-28T00:26:00Z,2014-05-28 00:26,190,SV,A,,LWX,Severe Thunderstorm Watch,Severe Thunderstorm,Watch
2014-05-27T23:10:00Z,2014-05-27 23:10,2014-05-27T23:45:00Z,2014-05-27 23:45,45,SV,W,,LWX,Severe Thunderstorm Warning,Severe Thunderstorm,Warning
2014-06-11T19:17:00Z,2014-06-11 19:17,2014-06-12T01:00:00Z,2014-06-12 01:00,280,TO,A,,LWX,Tornado Watch,Tornado,Watch
2014-06-19T03:53:00Z,2014-06-19 03:53,2014-06-19T04:45:00Z,2014-06-19 04:45,83,SV,W,,LWX,Severe Thunderstorm Warning,Severe Thunderstorm,Warning
2014-06-19T04:21:00Z,2014-06-19 04:21,2014-06-19T04:47:00Z,2014-06-19 04:47,85,SV,W,,LWX,Severe Thunderstorm Warning,Severe Thunderstorm,Warning
2014-07-02T16:42:00Z,2014-07-02 16:42,2014-07-03T02:00:00Z,2014-07-03 02:00,385,SV,A,,LWX,Severe Thunderstorm Watch,Severe Thunderstorm,Watch
2014-07-03T16:55:00Z,2014-07-03 16:55,2014-07-03T23:39:00Z,2014-07-03 23:39,389,SV,A,,LWX,Severe Thunderstorm Watch,Severe Thunderstorm,Watch
2014-07-03T19:50:00Z,2014-07-03 19:50,2014-07-03T20:45:00Z,2014-07-03 20:45,133,SV,W,,LWX,Severe Thunderstorm Warning,Severe Thunderstorm,Warning
2014-07-08T21:06:00Z,2014-07-08 21:06,2014-07-09T01:36:00Z,2014-07-09 01:36,404,SV,A,,LWX,Severe Thunderstorm Watch,Severe Thunderstorm,Watch
2014-07-08T22:23:00Z,2014-07-08 22:23,2014-07-08T23:15:00Z,2014-07-08 23:15,153,SV,W,,LWX,Severe Thunderstorm Warning,Severe Thunderstorm,Warning
2014-07-08T22:59:00Z,2014-07-08 22:59,2014-07-09T00:03:00Z,2014-07-09 00:03,155,SV,W,,LWX,Severe Thunderstorm Warning,Severe Thunderstorm,Warning
2014-07-09T20:17:00Z,2014-07-09 20:17,2014-07-09T22:18:00Z,2014-07-09 22:18,407,SV,A,,LWX,Severe Thunderstorm Watch,Severe Thunderstorm,Watch
2014-07-13T23:49:00Z,2014-07-13 23:49,2014-07-14T01:59:00Z,2014-07-14 01:59,416,SV,A,,LWX,Severe Thunderstorm Watch,Severe Thunderstorm,Watch
2014-07-14T17:25:00Z,2014-07-14 17:25,2014-07-14T23:27:00Z,2014-07-14 23:27,418,SV,A,,LWX,Severe Thunderstorm Watch,Severe Thunderstorm,Watch
2014-07-15T17:43:00Z,2014-07-15 17:43,2014-07-16T00:13:00Z,2014-07-16 00:13,423,SV,A,,LWX,Severe Thunderstorm Watch,Severe Thunderstorm,Watch
2014-09-01T19:46:00Z,2014-09-01 19:46,2014-09-01T20:30:00Z,2014-09-01 20:30,229,SV,W,,LWX,Severe Thunderstorm Warning,Severe Thunderstorm,Warning
2014-09-02T20:47:00Z,2014-09-02 20:47,2014-09-03T01:26:00Z,2014-09-03 01:26,489,SV,A,,LWX,Severe Thunderstorm Watch,Severe Thunderstorm,Watch
2014-09-06T18:10:00Z,2014-09-06 18:10,2014-09-07T01:00:00Z,2014-09-07 01:00,498,SV,A,,LWX,Severe Thunderstorm Watch,Severe Thunderstorm,Watch
2014-10-15T16:25:00Z,2014-10-15 16:25,2014-10-15T16:38:00Z,2014-10-15 16:38,21,TO,W,,LWX,Tornado Warning,Tornado,Warning
2015-04-20T19:09:00Z,2015-04-20 19:09,2015-04-21T01:57:00Z,2015-04-21 01:57,90,TO,A,,LWX,Tornado Watch,Tornado,Watch
2015-04-20T23:42:00Z,2015-04-20 23:42,2015-04-21T00:30:00Z,2015-04-21 00:30,6,SV,W,,LWX,Severe Thunderstorm Warning,Severe Thunderstorm,Warning
2015-05-27T16:58:00Z,2015-05-27 16:58,2015-05-27T20:37:00Z,2015-05-27 20:37,227,SV,A,,LWX,Severe Thunderstorm Watch,Severe Thunderstorm,Watch
2015-06-01T22:15:00Z,2015-06-01 22:15,2015-06-01T22:45:00Z,2015-06-01 22:45,53,SV,W,,LWX,Severe Thunderstorm Warning,Severe Thunderstorm,Warning
2015-06-01T22:28:00Z,2015-06-01 22:28,2015-06-01T23:00:00Z,2015-06-01 23:00,55,SV,W,,LWX,Severe Thunderstorm Warning,Severe Thunderstorm,Warning
2015-06-08T20:10:00Z,2015-06-08 20:10,2015-06-08T23:24:00Z,2015-06-08 23:24,276,TO,A,,LWX,Tornado Watch,Tornado,Watch
2015-06-08T23:24:00Z,2015-06-08 23:24,2015-06-09T01:46:00Z,2015-06-09 01:46,279,SV,A,,LWX,Severe Thunderstorm Watch,Severe Thunderstorm,Watch
2015-06-14T21:35:00Z,2015-06-14 21:35,2015-06-14T22:00:00Z,2015-06-14 22:00,81,SV,W,,LWX,Severe Thunderstorm Warning,Severe Thunderstorm,Warning
2015-06-18T20:51:00Z,2015-06-18 20:51,2015-06-18T21:30:00Z,2015-06-18 21:30,94,SV,W,,LWX,Severe Thunderstorm Warning,Severe Thunderstorm,Warning
2015-06-18T21:11:00Z,2015-06-18 21:11,2015-06-18T21:45:00Z,2015-06-18 21:45,95,SV,W,,LWX,Severe Thunderstorm Warning,Severe Thunderstorm,Warning
2015-06-20T18:24:00Z,2015-06-20 18:24,2015-06-21T02:55:00Z,2015-06-21 02:55,317,SV,A,,LWX,Severe Thunderstorm Watch,Severe Thunderstorm,Watch
2015-06-20T22:11:00Z,2015-06-20 22:11,2015-06-20T22:45:00Z,2015-06-20 22:45,108,SV,W,,LWX,Severe Thunderstorm Warning,Severe Thunderstorm,Warning
2015-06-20T23:48:00Z,2015-06-20 23:48,2015-06-21T00:15:00Z,2015-06-21 00:15,114,SV,W,,LWX,Severe Thunderstorm Warning,Severe Thunderstorm,Warning
2015-06-21T00:10:00Z,2015-06-21 00:10,2015-06-21T00:45:00Z,2015-06-21 00:45,116,SV,W,,LWX,Severe Thunderstorm Warning,Severe Thunderstorm,Warning
2015-06-21T01:04:00Z,2015-06-21 01:04,2015-06-21T04:00:00Z,2015-06-21 04:00,14,FF,W,00000,LWX,Flash Flood Warning,Flash Flood,Warning
2015-06-21T03:35:00Z,2015-06-21 03:35,2015-06-21T09:08:00Z,2015-06-21 09:08,12,FA,W,00000,LWX,Flood Warning,Flood,Warning
2015-06-23T20:09:00Z,2015-06-23 20:09,2015-06-24T01:16:00Z,2015-06-24 01:16,346,SV,A,,LWX,Severe Thunderstorm Watch,Severe Thunderstorm,Watch
2015-06-23T22:27:00Z,2015-06-23 22:27,2015-06-23T23:15:00Z,2015-06-23 23:15,134,SV,W,,LWX,Severe Thunderstorm Warning,Severe Thunderstorm,Warning
2015-06-23T23:14:00Z,2015-06-23 23:14,2015-06-24T00:00:00Z,2015-06-24 00:00,137,SV,W,,LWX,Severe Thunderstorm Warning,Severe Thunderstorm,Warning
2015-06-27T18:38:00Z,2015-06-27 18:38,2015-06-27T21:30:00Z,2015-06-27 21:30,19,FF,W,00000,LWX,Flash Flood Warning,Flash Flood,Warning
2015-06-28T00:48:00Z,2015-06-28 00:48,2015-06-28T02:45:00Z,2015-06-28 02:45,19,FA,W,00000,LWX,Flood Warning,Flood,Warning
2015-06-30T18:25:00Z,2015-06-30 18:25,2015-06-30T22:18:00Z,2015-06-30 22:18,377,SV,A,,LWX,Severe Thunderstorm Watch,Severe Thunderstorm,Watch
2015-07-01T04:11:00Z,2015-07-01 04:11,2015-07-01T04:45:00Z,2015-07-01 04:45,163,SV,W,,LWX,Severe Thunderstorm Warning,Severe Thunderstorm,Warning
2015-07-01T04:47:00Z,2015-07-01 04:47,2015-07-01T05:15:00Z,2015-07-01 05:15,166,SV,W,,LWX,Severe Thunderstorm Warning,Severe Thunderstorm,Warning
2015-07-02T00:27:00Z,2015-07-02 00:27,2015-07-02T03:00:00Z,2015-07-02 03:00,30,FF,W,00000,LWX,Flash Flood Warning,Flash Flood,Warning
2015-07-08T21:01:00Z,2015-07-08 21:01,2015-07-08T23:33:00Z,2015-07-08 23:33,37,FF,W,00000,LWX,Flash Flood Warning,Flash Flood,Warning
2015-07-08T22:37:00Z,2015-07-08 22:37,2015-07-09T00:12:00Z,2015-07-09 00:12,38,FF,W,00000,LWX,Flash Flood Warning,Flash Flood,Warning
2015-07-14T22:45:00Z,2015-07-14 22:45,2015-07-15T02:05:00Z,2015-07-15 02:05,426,SV,A,,LWX,Severe Thunderstorm Watch,Severe Thunderstorm,Watch
2015-07-27T19:40:00Z,2015-07-27 19:40,2015-07-27T20:16:00Z,2015-07-27 20:16,191,SV,W,,LWX,Severe Thunderstorm Warning,Severe Thunderstorm,Warning
2015-07-27T19:44:00Z,2015-07-27 19:44,2015-07-27T20:50:00Z,2015-07-27 20:50,55,FF,W,00000,LWX,Flash Flood Warning,Flash Flood,Warning
2015-07-30T17:57:00Z,2015-07-30 17:57,2015-07-30T18:31:00Z,2015-07-30 18:31,192,SV,W,,LWX,Severe Thunderstorm Warning,Severe Thunderstorm,Warning
2015-08-04T22:39:00Z,2015-08-04 22:39,2015-08-04T22:57:00Z,2015-08-04 22:57,208,SV,W,,LWX,Severe Thunderstorm Warning,Severe Thunderstorm,Warning
2015-12-23T22:57:00Z,2015-12-23 22:57,2015-12-24T00:02:00Z,2015-12-24 00:02,46,FA,W,00000,LWX,Flood Warning,Flood,Warning
2016-02-24T20:22:00Z,2016-02-24 20:22,2016-02-25T01:40:00Z,2016-02-25 01:40,28,TO,A,,LWX,Tornado Watch,Tornado,Watch
2016-02-24T22:29:00Z,2016-02-24 22:29,2016-02-24T23:15:00Z,2016-02-24 23:15,4,SV,W,,LWX,Severe Thunderstorm Warning,Severe Thunderstorm,Warning
2016-02-24T23:02:00Z,2016-02-24 23:02,2016-02-25T06:47:00Z,2016-02-25 06:47,8,FA,W,00000,LWX,Flood Warning,Flood,Warning
2016-02-24T23:46:00Z,2016-02-24 23:46,2016-02-25T01:45:00Z,2016-02-25 01:45,3,FF,W,00000,LWX,Flash Flood Warning,Flash Flood,Warning
2016-04-07T21:00:00Z,2016-04-07 21:00,2016-04-07T21:16:00Z,2016-04-07 21:16,16,SV,W,,LWX,Severe Thunderstorm Warning,Severe Thunderstorm,Warning
2016-05-02T21:13:00Z,2016-05-02 21:13,2016-05-03T02:00:00Z,2016-05-03 02:00,138,SV,A,,LWX,Severe Thunderstorm Watch,Severe Thunderstorm,Watch
2016-05-02T22:27:00Z,2016-05-02 22:27,2016-05-02T23:01:00Z,2016-05-02 23:01,32,SV,W,,LWX,Severe Thunderstorm Warning,Severe Thunderstorm,Warning
2016-06-05T19:12:00Z,2016-06-05 19:12,2016-06-06T00:15:00Z,2016-06-06 00:15,236,SV,A,,LWX,Severe Thunderstorm Watch,Severe Thunderstorm,Watch
2016-06-16T18:01:00Z,2016-06-16 18:01,2016-06-17T02:00:00Z,2016-06-17 02:00,261,SV,A,,LWX,Severe Thunderstorm Watch,Severe Thunderstorm,Watch
2016-06-17T00:20:00Z,2016-06-17 00:20,2016-06-17T01:00:00Z,2016-06-17 01:00,85,SV,W,,LWX,Severe Thunderstorm Warning,Severe Thunderstorm,Warning
2016-06-21T17:09:00Z,2016-06-21 17:09,2016-06-22T02:09:00Z,2016-06-22 02:09,278,SV,A,,LWX,Severe Thunderstorm Watch,Severe Thunderstorm,Watch
2016-06-21T18:20:00Z,2016-06-21 18:20,2016-06-21T18:56:00Z,2016-06-21 18:56,104,SV,W,,LWX,Severe Thunderstorm Warning,Severe Thunderstorm,Warning
2016-06-21T19:27:00Z,2016-06-21 19:27,2016-06-21T20:15:00Z,2016-06-21 20:15,111,SV,W,,LWX,Severe Thunderstorm Warning,Severe Thunderstorm,Warning
2016-06-21T21:31:00Z,2016-06-21 21:31,2016-06-21T22:15:00Z,2016-06-21 22:15,125,SV,W,,LWX,Severe Thunderstorm Warning,Severe Thunderstorm,Warning
2016-06-21T21:51:00Z,2016-06-21 21:51,2016-06-22T00:45:00Z,2016-06-22 00:45,24,FF,W,00000,LWX,Flash Flood Warning,Flash Flood,Warning
2016-06-21T23:04:00Z,2016-06-21 23:04,2016-06-21T23:18:00Z,2016-06-21 23:18,129,SV,W,,LWX,Severe Thunderstorm Warning,Severe Thunderstorm,Warning
2016-06-28T20:10:00Z,2016-06-28 20:10,2016-06-29T01:20:00Z,2016-06-29 01:20,305,SV,A,,LWX,Severe Thunderstorm Watch,Severe Thunderstorm,Watch
2016-07-01T17:56:00Z,2016-07-01 17:56,2016-07-01T23:40:00Z,2016-07-01 23:40,314,SV,A,,LWX,Severe Thunderstorm Watch,Severe Thunderstorm,Watch
2016-07-16T20:17:00Z,2016-07-16 20:17,2016-07-16T20:39:00Z,2016-07-16 20:39,170,SV,W,,LWX,Severe Thunderstorm Warning,Severe Thunderstorm,Warning
2016-07-18T17:44:00Z,2016-07-18 17:44,2016-07-18T21:11:00Z,2016-07-18 21:11,396,SV,A,,LWX,Severe Thunderstorm Watch,Severe Thunderstorm,Watch
2016-07-18T20:08:00Z,2016-07-18 20:08,2016-07-18T20:49:00Z,2016-07-18 20:49,190,SV,W,,LWX,Severe Thunderstorm Warning,Severe Thunderstorm,Warning
2016-07-20T02:21:00Z,2016-07-20 02:21,2016-07-20T03:00:00Z,2016-07-20 03:00,204,SV,W,,LWX,Severe Thunderstorm Warning,Severe Thunderstorm,Warning
2016-07-25T19:32:00Z,2016-07-25 19:32,2016-07-26T00:18:00Z,2016-07-26 00:18,416,SV,A,,LWX,Severe Thunderstorm Watch,Severe Thunderstorm,Watch
2016-07-25T21:44:00Z,2016-07-25 21:44,2016-07-25T22:02:00Z,2016-07-25 22:02,225,SV,W,,LWX,Severe Thunderstorm Warning,Severe Thunderstorm,Warning
2016-07-28T17:29:00Z,2016-07-28 17:29,2016-07-28T23:04:00Z,2016-07-28 23:04,418,SV,A,,LWX,Severe Thunderstorm Watch,Severe Thunderstorm,Watch
2016-08-16T19:20:00Z,2016-08-16 19:20,2016-08-16T21:53:00Z,2016-08-16 21:53,447,SV,A,,LWX,Severe Thunderstorm Watch,Severe Thunderstorm,Watch
2016-08-18T00:57:00Z,2016-08-18 00:57,2016-08-18T01:30:00Z,2016-08-18 01:30,290,SV,W,,LWX,Severe Thunderstorm Warning,Severe Thunderstorm,Warning
2016-09-07T21:06:00Z,2016-09-07 21:06,2016-09-07T21:45:00Z,2016-09-07 21:45,301,SV,W,,LWX,Severe Thunderstorm Warning,Severe Thunderstorm,Warning
2016-09-29T08:46:00Z,2016-09-29 08:46,2016-09-29T12:49:00Z,2016-09-29 12:49,65,FA,W,00000,LWX,Flood Warning,Flood,Warning
2017-02-13T04:02:00Z,2017-02-13 04:02,2017-02-13T04:34:00Z,2017-02-13 04:34,6,SV,W,,LWX,Severe Thunderstorm Warning,Severe Thunderstorm,Warning
2017-02-25T18:34:00Z,2017-02-25 18:34,2017-02-25T20:40:00Z,2017-02-25 20:40,39,SV,A,,LWX,Severe Thunderstorm Watch,Severe Thunderstorm,Watch
2017-02-25T19:35:00Z,2017-02-25 19:35,2017-02-25T20:03:00Z,2017-02-25 20:03,13,SV,W,,LWX,Severe Thunderstorm Warning,Severe Thunderstorm,Warning
2017-03-01T15:38:00Z,2017-03-01 15:38,2017-03-01T19:18:00Z,2017-03-01 19:18,56,SV,A,,LWX,Severe Thunderstorm Watch,Severe Thunderstorm,Watch
2017-03-01T18:05:00Z,2017-03-01 18:05,2017-03-01T18:45:00Z,2017-03-01 18:45,25,SV,W,,LWX,Severe Thunderstorm Warning,Severe Thunderstorm,Warning
2017-03-01T18:40:00Z,2017-03-01 18:40,2017-03-01T19:04:00Z,2017-03-01 19:04,28,SV,W,,LWX,Severe Thunderstorm Warning,Severe Thunderstorm,Warning
2017-04-06T16:45:00Z,2017-04-06 16:45,2017-04-06T18:21:00Z,2017-04-06 18:21,133,SV,A,,LWX,Severe Thunderstorm Watch,Severe Thunderstorm,Watch
2017-04-06T17:12:00Z,2017-04-06 17:12,2017-04-06T18:00:00Z,2017-04-06 18:00,34,SV,W,,LWX,Severe Thunderstorm Warning,Severe Thunderstorm,Warning
2017-05-01T21:54:00Z,2017-05-01 21:54,2017-05-02T00:23:00Z,2017-05-02 00:23,186,SV,A,,LWX,Severe Thunderstorm Watch,Severe Thunderstorm,Watch
2017-05-05T12:35:00Z,2017-05-05 12:35,2017-05-05T12:56:00Z,2017-05-05 12:56,57,SV,W,,LWX,Severe Thunderstorm Warning,Severe Thunderstorm,Warning
2017-05-05T12:53:00Z,2017-05-05 12:53,2017-05-05T15:37:00Z,2017-05-05 15:37,8,FA,W,00000,LWX,Flood Warning,Flood,Warning
2017-05-25T21:28:00Z,2017-05-25 21:28,2017-05-25T21:45:00Z,2017-05-25 21:45,84,SV,W,,LWX,Severe Thunderstorm Warning,Severe Thunderstorm,Warning
2017-06-19T16:48:00Z,2017-06-19 16:48,2017-06-19T21:05:00Z,2017-06-19 21:05,356,SV,A,,LWX,Severe Thunderstorm Watch,Severe Thunderstorm,Watch
2017-06-19T19:19:00Z,2017-06-19 19:19,2017-06-19T20:00:00Z,2017-06-19 20:00,109,SV,W,,LWX,Severe Thunderstorm Warning,Severe Thunderstorm,Warning
2017-06-19T21:40:00Z,2017-06-19 21:40,2017-06-19T23:24:00Z,2017-06-19 23:24,356,SV,A,,LWX,Severe Thunderstorm Watch,Severe Thunderstorm,Watch
2017-07-01T17:34:00Z,2017-07-01 17:34,2017-07-01T21:50:00Z,2017-07-01 21:50,389,SV,A,,LWX,Severe Thunderstorm Watch,Severe Thunderstorm,Watch
2017-07-07T23:40:00Z,2017-07-07 23:40,2017-07-08T00:15:00Z,2017-07-08 00:15,132,SV,W,,LWX,Severe Thunderstorm Warning,Severe Thunderstorm,Warning
2017-07-14T17:42:00Z,2017-07-14 17:42,2017-07-14T22:09:00Z,2017-07-14 22:09,414,SV,A,,LWX,Severe Thunderstorm Watch,Severe Thunderstorm,Watch
2017-07-14T20:24:00Z,2017-07-14 20:24,2017-07-14T21:00:00Z,2017-07-14 21:00,141,SV,W,,LWX,Severe Thunderstorm Warning,Severe Thunderstorm,Warning
2017-07-24T21:02:00Z,2017-07-24 21:02,2017-07-24T21:45:00Z,2017-07-24 21:45,171,SV,W,,LWX,Severe Thunderstorm Warning,Severe Thunderstorm,Warning
2017-07-28T14:25:00Z,2017-07-28 14:25,2017-07-28T17:25:00Z,2017-07-28 17:25,22,FF,W,00000,LWX,Flash Flood Warning,Flash Flood,Warning
2017-07-28T19:18:00Z,2017-07-28 19:18,2017-07-28T22:15:00Z,2017-07-28 22:15,25,FF,W,00000,LWX,Flash Flood Warning,Flash Flood,Warning
2017-07-28T22:05:00Z,2017-07-28 22:05,2017-07-28T23:28:00Z,2017-07-28 23:28,41,FA,W,00000,LWX,Flood Warning,Flood,Warning
2017-07-29T04:09:00Z,2017-07-29 04:09,2017-07-29T07:00:00Z,2017-07-29 07:00,30,FF,W,00000,LWX,Flash Flood Warning,Flash Flood,Warning
2017-08-03T22:13:00Z,2017-08-03 22:13,2017-08-03T22:49:00Z,2017-08-03 22:49,192,SV,W,,LWX,Severe Thunderstorm Warning,Severe Thunderstorm,Warning
2017-08-12T20:11:00Z,2017-08-12 20:11,2017-08-13T01:20:00Z,2017-08-13 01:20,448,SV,A,,LWX,Severe Thunderstorm Watch,Severe Thunderstorm,Watch
2017-08-12T23:32:00Z,2017-08-12 23:32,2017-08-13T00:15:00Z,2017-08-13 00:15,222,SV,W,,LWX,Severe Thunderstorm Warning,Severe Thunderstorm,Warning
2017-08-18T18:27:00Z,2017-08-18 18:27,2017-08-18T23:48:00Z,2017-08-18 23:48,455,SV,A,,LWX,Severe Thunderstorm Watch,Severe Thunderstorm,Watch
2018-04-16T07:34:00Z,2018-04-16 07:34,2018-04-16T09:39:00Z,2018-04-16 09:39,1,FF,W,00000,LWX,Flash Flood Warning,Flash Flood,Warning
2018-04-16T09:39:00Z,2018-04-16 09:39,2018-04-16T15:45:00Z,2018-04-16 15:45,9,FA,W,00000,LWX,Flood Warning,Flood,Warning
2018-05-10T17:19:00Z,2018-05-10 17:19,2018-05-10T23:00:00Z,2018-05-10 23:00,78,SV,A,,LWX,Severe Thunderstorm Watch,Severe Thunderstorm,Watch
2018-05-12T21:04:00Z,2018-05-12 21:04,2018-05-13T01:56:00Z,2018-05-13 01:56,84,SV,A,,LWX,Severe Thunderstorm Watch,Severe Thunderstorm,Watch
2018-05-12T23:46:00Z,2018-05-12 23:46,2018-05-13T00:08:00Z,2018-05-13 00:08,25,SV,W,,LWX,Severe Thunderstorm Warning,Severe Thunderstorm,Warning
2018-05-14T02:21:00Z,2018-05-14 02:21,2018-05-14T03:00:00Z,2018-05-14 03:00,37,SV,W,,LWX,Severe Thunderstorm Warning,Severe Thunderstorm,Warning
2018-05-14T16:30:00Z,2018-05-14 16:30,2018-05-14T23:54:00Z,2018-05-14 23:54,88,SV,A,,LWX,Severe Thunderstorm Watch,Severe Thunderstorm,Watch
2018-05-14T22:07:00Z,2018-05-14 22:07,2018-05-14T23:00:00Z,2018-05-14 23:00,55,SV,W,,LWX,Severe Thunderstorm Warning,Severe Thunderstorm,Warning
2018-05-14T22:56:00Z,2018-05-14 22:56,2018-05-15T01:46:00Z,2018-05-15 01:46,6,FF,W,00000,LWX,Flash Flood Warning,Flash Flood,Warning
2018-05-14T23:00:00Z,2018-05-14 23:00,2018-05-14T23:17:00Z,2018-05-14 23:17,59,SV,W,,LWX,Severe Thunderstorm Warning,Severe Thunderstorm,Warning
2018-05-15T21:54:00Z,2018-05-15 21:54,2018-05-16T02:00:00Z,2018-05-16 02:00,98,SV,A,,LWX,Severe Thunderstorm Watch,Severe Thunderstorm,Watch
2018-05-16T00:34:00Z,2018-05-16 00:34,2018-05-16T01:15:00Z,2018-05-16 01:15,72,SV,W,,LWX,Severe Thunderstorm Warning,Severe Thunderstorm,Warning
2018-05-16T01:09:00Z,2018-05-16 01:09,2018-05-16T03:00:00Z,2018-05-16 03:00,26,FA,W,00000,LWX,Flood Warning,Flood,Warning
2018-05-19T05:37:00Z,2018-05-19 05:37,2018-05-19T09:40:00Z,2018-05-19 09:40,44,FA,W,00000,LWX,Flood Warning,Flood,Warning
2018-05-22T18:37:00Z,2018-05-22 18:37,2018-05-22T22:08:00Z,2018-05-22 22:08,116,SV,A,,LWX,Severe Thunderstorm Watch,Severe Thunderstorm,Watch
2018-05-22T20:43:00Z,2018-05-22 20:43,2018-05-23T01:09:00Z,2018-05-23 01:09,53,FA,W,00000,LWX,Flood Warning,Flood,Warning
2018-06-03T18:44:00Z,2018-06-03 18:44,2018-06-04T00:21:00Z,2018-06-04 00:21,125,FA,W,00000,LWX,Flood Warning,Flood,Warning
2018-06-19T18:16:00Z,2018-06-19 18:16,2018-06-19T18:45:00Z,2018-06-19 18:45,117,SV,W,,LWX,Severe Thunderstorm Warning,Severe Thunderstorm,Warning
2018-07-17T19:29:00Z,2018-07-17 19:29,2018-07-17T22:30:00Z,2018-07-17 22:30,177,FA,W,00000,LWX,Flood Warning,Flood,Warning
2018-07-21T21:20:00Z,2018-07-21 21:20,2018-07-22T11:51:00Z,2018-07-22 11:51,181,FA,W,00000,LWX,Flood Warning,Flood,Warning
2018-07-22T00:49:00Z,2018-07-22 00:49,2018-07-22T03:45:00Z,2018-07-22 03:45,51,FF,W,00000,LWX,Flash Flood Warning,Flash Flood,Warning
2018-07-25T21:56:00Z,2018-07-25 21:56,2018-07-26T09:08:00Z,2018-07-26 09:08,213,FA,W,00000,LWX,Flood Warning,Flood,Warning
2018-07-25T22:16:00Z,2018-07-25 22:16,2018-07-26T01:15:00Z,2018-07-26 01:15,58,FF,W,00000,LWX,Flash Flood Warning,Flash Flood,Warning
2018-07-27T17:52:00Z,2018-07-27 17:52,2018-07-27T23:48:00Z,2018-07-27 23:48,314,SV,A,,LWX,Severe Thunderstorm Watch,Severe Thunderstorm,Watch
2018-08-02T18:51:00Z,2018-08-02 18:51,2018-08-02T23:45:00Z,2018-08-02 23:45,245,FA,W,00000,LWX,Flood Warning,Flood,Warning
2018-08-13T20:11:00Z,2018-08-13 20:11,2018-08-13T21:00:00Z,2018-08-13 21:00,235,SV,W,,LWX,Severe Thunderstorm Warning,Severe Thunderstorm,Warning
2018-08-21T17:16:00Z,2018-08-21 17:16,2018-08-21T22:47:00Z,2018-08-21 22:47,303,FA,W,00000,LWX,Flood Warning,Flood,Warning
2018-09-01T02:48:00Z,2018-09-01 02:48,2018-09-01T05:22:00Z,2018-09-01 05:22,331,FA,W,00000,LWX,Flood Warning,Flood,Warning
2018-09-01T04:00:00Z,2018-09-01 04:00,2018-09-01T04:52:00Z,2018-09-01 04:52,78,FF,W,00000,LWX,Flash Flood Warning,Flash Flood,Warning
2018-09-02T01:52:00Z,2018-09-02 01:52,2018-09-02T03:41:00Z,2018-09-02 03:41,344,FA,W,00000,LWX,Flood Warning,Flood,Warning
2018-09-07T21:10:00Z,2018-09-07 21:10,2018-09-08T01:15:00Z,2018-09-08 01:15,349,FA,W,00000,LWX,Flood Warning,Flood,Warning
2018-09-07T22:00:00Z,2018-09-07 22:00,2018-09-08T01:00:00Z,2018-09-08 01:00,82,FF,W,00000,LWX,Flash Flood Warning,Flash Flood,Warning
2018-09-08T00:48:00Z,2018-09-08 00:48,2018-09-08T04:33:00Z,2018-09-08 04:33,357,FA,W,00000,LWX,Flood Warning,Flood,Warning
2018-09-09T16:32:00Z,2018-09-09 16:32,2018-09-09T22:16:00Z,2018-09-09 22:16,362,FA,W,00000,LWX,Flood Warning,Flood,Warning
2018-09-17T19:42:00Z,2018-09-17 19:42,2018-09-18T00:04:00Z,2018-09-18 00:04,382,TO,A,,LWX,Tornado Watch,Tornado,Watch
2018-09-18T06:26:00Z,2018-09-18 06:26,2018-09-18T08:45:00Z,2018-09-18 08:45,377,FA,W,00000,LWX,Flood Warning,Flood,Warning
2018-09-26T21:04:00Z,2018-09-26 21:04,2018-09-26T23:52:00Z,2018-09-26 23:52,390,SV,A,,LWX,Severe Thunderstorm Watch,Severe Thunderstorm,Watch
2018-09-28T05:09:00Z,2018-09-28 05:09,2018-09-28T09:32:00Z,2018-09-28 09:32,388,FA,W,00000,LWX,Flood Warning,Flood,Warning
2018-10-11T22:51:00Z,2018-10-11 22:51,2018-10-12T01:02:00Z,2018-10-12 01:02,393,FA,W,00000,LWX,Flood Warning,Flood,Warning
2018-11-03T02:05:00Z,2018-11-03 02:05,2018-11-03T04:27:00Z,2018-11-03 04:27,398,FA,W,00000,LWX,Flood Warning,Flood,Warning
2018-11-05T15:45:00Z,2018-11-05 15:45,2018-11-05T18:17:00Z,2018-11-05 18:17,400,FA,W,00000,LWX,Flood Warning,Flood,Warning
2018-11-24T23:24:00Z,2018-11-24 23:24,2018-11-25T04:26:00Z,2018-11-25 04:26,405,FA,W,00000,LWX,Flood Warning,Flood,Warning
2018-12-15T21:34:00Z,2018-12-15 21:34,2018-12-16T10:52:00Z,2018-12-16 10:52,413,FA,W,00000,LWX,Flood Warning,Flood,Warning
2019-03-21T22:29:00Z,2019-03-21 22:29,2019-03-22T04:13:00Z,2019-03-22 04:13,10,FA,W,00000,LWX,Flood Warning,Flood,Warning
2019-03-22T19:52:00Z,2019-03-22 19:52,2019-03-22T20:30:00Z,2019-03-22 20:30,3,SV,W,,LWX,Severe Thunderstorm Warning,Severe Thunderstorm,Warning
2019-04-14T22:08:00Z,2019-04-14 22:08,2019-04-15T06:55:00Z,2019-04-15 06:55,67,TO,A,,LWX,Tornado Watch,Tornado,Watch
2019-04-15T05:18:00Z,2019-04-15 05:18,2019-04-15T05:40:00Z,2019-04-15 05:40,20,SV,W,,LWX,Severe Thunderstorm Warning,Severe Thunderstorm,Warning
2019-04-19T16:48:00Z,2019-04-19 16:48,2019-04-20T01:50:00Z,2019-04-20 01:50,90,TO,A,,LWX,Tornado Watch,Tornado,Watch
2019-04-26T17:33:00Z,2019-04-26 17:33,2019-04-26T19:32:00Z,2019-04-26 19:32,105,TO,A,,LWX,Tornado Watch,Tornado,Watch
2019-04-26T18:25:00Z,2019-04-26 18:25,2019-04-26T18:46:00Z,2019-04-26 18:46,47,SV,W,,LWX,Severe Thunderstorm Warning,Severe Thunderstorm,Warning
2019-05-02T19:38:00Z,2019-05-02 19:38,2019-05-02T20:30:00Z,2019-05-02 20:30,58,SV,W,,LWX,Severe Thunderstorm Warning,Severe Thunderstorm,Warning
2019-05-05T03:10:00Z,2019-05-05 03:10,2019-05-05T08:47:00Z,2019-05-05 08:47,21,FA,W,00000,LWX,Flood Warning,Flood,Warning
2019-05-23T17:02:00Z,2019-05-23 17:02,2019-05-23T21:01:00Z,2019-05-23 21:01,218,SV,A,,LWX,Severe Thunderstorm Watch,Severe Thunderstorm,Watch
2019-05-23T19:36:00Z,2019-05-23 19:36,2019-05-23T20:15:00Z,2019-05-23 20:15,95,SV,W,,LWX,Severe Thunderstorm Warning,Severe Thunderstorm,Warning
2019-05-23T19:47:00Z,2019-05-23 19:47,2019-05-23T19:58:00Z,2019-05-23 19:58,19,TO,W,,LWX,Tornado Warning,Tornado,Warning
2019-05-27T00:34:00Z,2019-05-27 00:34,2019-05-27T03:22:00Z,2019-05-27 03:22,258,SV,A,,LWX,Severe Thunderstorm Watch,Severe Thunderstorm,Watch
2019-05-30T18:02:00Z,2019-05-30 18:02,2019-05-30T20:57:00Z,2019-05-30 20:57,297,SV,A,,LWX,Severe Thunderstorm Watch,Severe Thunderstorm,Watch
2019-05-30T19:10:00Z,2019-05-30 19:10,2019-05-30T20:00:00Z,2019-05-30 20:00,143,SV,W,,LWX,Severe Thunderstorm Warning,Severe Thunderstorm,Warning
2019-06-02T16:55:00Z,2019-06-02 16:55,2019-06-03T00:00:00Z,2019-06-03 00:00,315,SV,A,,LWX,Severe Thunderstorm Watch,Severe Thunderstorm,Watch
2019-06-17T20:06:00Z,2019-06-17 20:06,2019-06-18T01:13:00Z,2019-06-18 01:13,392,SV,A,,LWX,Severe Thunderstorm Watch,Severe Thunderstorm,Watch
2019-06-18T18:24:00Z,2019-06-18 18:24,2019-06-19T00:42:00Z,2019-06-19 00:42,394,SV,A,,LWX,Severe Thunderstorm Watch,Severe Thunderstorm,Watch
2019-06-27T22:15:00Z,2019-06-27 22:15,2019-06-27T22:40:00Z,2019-06-27 22:40,241,SV,W,,LWX,Severe Thunderstorm Warning,Severe Thunderstorm,Warning
2019-06-29T18:05:00Z,2019-06-29 18:05,2019-06-29T22:15:00Z,2019-06-29 22:15,462,SV,A,,LWX,Severe Thunderstorm Watch,Severe Thunderstorm,Watch
2019-06-29T20:05:00Z,2019-06-29 20:05,2019-06-29T20:28:00Z,2019-06-29 20:28,275,SV,W,,LWX,Severe Thunderstorm Warning,Severe Thunderstorm,Warning
2019-07-02T23:41:00Z,2019-07-02 23:41,2019-07-03T00:15:00Z,2019-07-03 00:15,318,SV,W,,LWX,Severe Thunderstorm Warning,Severe Thunderstorm,Warning
2019-07-03T00:20:00Z,2019-07-03 00:20,2019-07-03T00:30:00Z,2019-07-03 00:30,321,SV,W,,LWX,Severe Thunderstorm Warning,Severe Thunderstorm,Warning
2019-07-06T23:35:00Z,2019-07-06 23:35,2019-07-07T00:09:00Z,2019-07-07 00:09,341,SV,W,,LWX,Severe Thunderstorm Warning,Severe Thunderstorm,Warning
2019-07-08T12:20:00Z,2019-07-08 12:20,2019-07-08T17:00:00Z,2019-07-08 17:00,17,FF,W,00000,LWX,Flash Flood Warning,Flash Flood,Warning
2019-07-08T13:21:00Z,2019-07-08 13:21,2019-07-08T15:15:00Z,2019-07-08 15:15,20,FF,W,00000,LWX,Flash Flood Warning,Flash Flood,Warning
2019-07-08T16:53:00Z,2019-07-08 16:53,2019-07-08T22:00:00Z,2019-07-08 22:00,65,FA,W,00000,LWX,Flood Warning,Flood,Warning
2019-07-17T20:51:00Z,2019-07-17 20:51,2019-07-17T22:14:00Z,2019-07-17 22:14,518,SV,A,,LWX,Severe Thunderstorm Watch,Severe Thunderstorm,Watch
2019-07-17T21:08:00Z,2019-07-17 21:08,2019-07-17T21:49:00Z,2019-07-17 21:49,372,SV,W,,LWX,Severe Thunderstorm Warning,Severe Thunderstorm,Warning
2019-07-17T21:35:00Z,2019-07-17 21:35,2019-07-17T22:01:00Z,2019-07-17 22:01,375,SV,W,,LWX,Severe Thunderstorm Warning,Severe Thunderstorm,Warning
2019-07-22T18:19:00Z,2019-07-22 18:19,2019-07-23T01:10:00Z,2019-07-23 01:10,538,SV,A,,LWX,Severe Thunderstorm Watch,Severe Thunderstorm,Watch
2019-07-23T00:15:00Z,2019-07-23 00:15,2019-07-23T00:45:00Z,2019-07-23 00:45,424,SV,W,,LWX,Severe Thunderstorm Warning,Severe Thunderstorm,Warning
2019-07-23T00:21:00Z,2019-07-23 00:21,2019-07-23T00:45:00Z,2019-07-23 00:45,425,SV,W,,LWX,Severe Thunderstorm Warning,Severe Thunderstorm,Warning
2019-07-31T17:25:00Z,2019-07-31 17:25,2019-07-31T22:01:00Z,2019-07-31 22:01,547,SV,A,,LWX,Severe Thunderstorm Watch,Severe Thunderstorm,Watch
2019-08-07T17:53:00Z,2019-08-07 17:53,2019-08-07T21:02:00Z,2019-08-07 21:02,560,SV,A,,LWX,Severe Thunderstorm Watch,Severe Thunderstorm,Watch
2019-08-07T19:52:00Z,2019-08-07 19:52,2019-08-07T20:30:00Z,2019-08-07 20:30,518,SV,W,,LWX,Severe Thunderstorm Warning,Severe Thunderstorm,Warning
2019-08-07T20:12:00Z,2019-08-07 20:12,2019-08-07T20:37:00Z,2019-08-07 20:37,520,SV,W,,LWX,Severe Thunderstorm Warning,Severe Thunderstorm,Warning
2019-08-20T03:06:00Z,2019-08-20 03:06,2019-08-20T03:21:00Z,2019-08-20 03:21,577,SV,W,,LWX,Severe Thunderstorm Warning,Severe Thunderstorm,Warning
2019-08-20T19:02:00Z,2019-08-20 19:02,2019-08-21T00:34:00Z,2019-08-21 00:34,605,SV,A,,LWX,Severe Thunderstorm Watch,Severe Thunderstorm,Watch
2019-08-20T21:33:00Z,2019-08-20 21:33,2019-08-20T22:00:00Z,2019-08-20 22:00,601,SV,W,,LWX,Severe Thunderstorm Warning,Severe Thunderstorm,Warning
2019-08-21T19:28:00Z,2019-08-21 19:28,2019-08-21T22:21:00Z,2019-08-21 22:21,610,SV,A,,LWX,Severe Thunderstorm Watch,Severe Thunderstorm,Watch
2019-09-11T20:57:00Z,2019-09-11 20:57,2019-09-11T21:45:00Z,2019-09-11 21:45,663,SV,W,,LWX,Severe Thunderstorm Warning,Severe Thunderstorm,Warning
2019-10-27T15:45:00Z,2019-10-27 15:45,2019-10-27T17:25:00Z,2019-10-27 17:25,115,FA,W,00000,LWX,Flood Warning,Flood,Warning
2019-10-31T18:56:00Z,2019-10-31 18:56,2019-11-01T02:48:00Z,2019-11-01 02:48,686,TO,A,,LWX,Tornado Watch,Tornado,Watch
2019-11-01T02:07:00Z,2019-11-01 02:07,2019-11-01T02:45:00Z,2019-11-01 02:45,688,SV,W,,LWX,Severe Thunderstorm Warning,Severe Thunderstorm,Warning
2019-11-01T05:00:00Z,2019-11-01 05:00,2019-11-01T09:00:00Z,2019-11-01 09:00,123,FA,W,00000,LWX,Flood Warning,Flood,Warning
2020-03-04T04:48:00Z,2020-03-04 04:48,2020-03-04T05:09:00Z,2020-03-04 05:09,18,SV,W,,LWX,Severe Thunderstorm Warning,Severe Thunderstorm,Warning
2020-04-08T08:22:00Z,2020-04-08 08:22,2020-04-08T08:42:00Z,2020-04-08 08:42,32,SV,W,,LWX,Severe Thunderstorm Warning,Severe Thunderstorm,Warning
2020-04-09T16:01:00Z,2020-04-09 16:01,2020-04-09T18:05:00Z,2020-04-09 18:05,96,SV,A,,LWX,Severe Thunderstorm Watch,Severe Thunderstorm,Watch
2020-04-13T15:33:00Z,2020-04-13 15:33,2020-04-13T19:12:00Z,2020-04-13 19:12,119,TO,A,,LWX,Tornado Watch,Tornado,Watch
2020-04-13T16:46:00Z,2020-04-13 16:46,2020-04-13T17:20:00Z,2020-04-13 17:20,49,SV,W,,LWX,Severe Thunderstorm Warning,Severe Thunderstorm,Warning
2020-06-04T18:29:00Z,2020-06-04 18:29,2020-06-05T01:51:00Z,2020-06-05 01:51,250,SV,A,,LWX,Severe Thunderstorm Watch,Severe Thunderstorm,Watch
2020-06-04T23:28:00Z,2020-06-04 23:28,2020-06-05T00:15:00Z,2020-06-05 00:15,85,SV,W,,LWX,Severe Thunderstorm Warning,Severe Thunderstorm,Warning
2020-06-05T00:01:00Z,2020-06-05 00:01,2020-06-05T00:45:00Z,2020-06-05 00:45,88,SV,W,,LWX,Severe Thunderstorm Warning,Severe Thunderstorm,Warning
2020-06-05T03:27:00Z,2020-06-05 03:27,2020-06-05T08:33:00Z,2020-06-05 08:33,25,FA,W,00000,LWX,Flood Warning,Flood,Warning
2020-07-05T21:08:00Z,2020-07-05 21:08,2020-07-05T21:31:00Z,2020-07-05 21:31,188,SV,W,,LWX,Severe Thunderstorm Warning,Severe Thunderstorm,Warning
2020-07-06T17:40:00Z,2020-07-06 17:40,2020-07-07T03:00:00Z,2020-07-07 03:00,333,SV,A,,LWX,Severe Thunderstorm Watch,Severe Thunderstorm,Watch
2020-07-07T06:11:00Z,2020-07-07 06:11,2020-07-07T08:44:00Z,2020-07-07 08:44,17,FF,W,00000,LWX,Flash Flood Warning,Flash Flood,Warning
2020-07-20T22:00:00Z,2020-07-20 22:00,2020-07-20T22:21:00Z,2020-07-20 22:21,232,SV,W,,LWX,Severe Thunderstorm Warning,Severe Thunderstorm,Warning
2020-07-21T00:05:00Z,2020-07-21 00:05,2020-07-21T00:45:00Z,2020-07-21 00:45,234,SV,W,,LWX,Severe Thunderstorm Warning,Severe Thunderstorm,Warning
2020-07-21T01:12:00Z,2020-07-21 01:12,2020-07-21T02:47:00Z,2020-07-21 02:47,55,FA,W,00000,LWX,Flood Warning,Flood,Warning
2020-07-22T16:01:00Z,2020-07-22 16:01,2020-07-22T21:53:00Z,2020-07-22 21:53,393,SV,A,,LWX,Severe Thunderstorm Watch,Severe Thunderstorm,Watch
2020-07-22T19:17:00Z,2020-07-22 19:17,2020-07-22T20:15:00Z,2020-07-22 20:15,279,SV,W,,LWX,Severe Thunderstorm Warning,Severe Thunderstorm,Warning
2020-07-22T19:31:00Z,2020-07-22 19:31,2020-07-22T21:55:00Z,2020-07-22 21:55,20,FF,W,00000,LWX,Flash Flood Warning,Flash Flood,Warning
2020-07-24T00:28:00Z,2020-07-24 00:28,2020-07-24T05:51:00Z,2020-07-24 05:51,61,FA,W,00000,LWX,Flood Warning,Flood,Warning
2020-07-24T00:46:00Z,2020-07-24 00:46,2020-07-24T01:16:00Z,2020-07-24 01:16,292,SV,W,,LWX,Severe Thunderstorm Warning,Severe Thunderstorm,Warning
2020-07-30T23:14:00Z,2020-07-30 23:14,2020-07-31T00:00:00Z,2020-07-31 00:00,311,SV,W,,LWX,Severe Thunderstorm Warning,Severe Thunderstorm,Warning
2020-08-04T11:01:00Z,2020-08-04 11:01,2020-08-04T16:29:00Z,2020-08-04 16:29,69,FA,W,00000,LWX,Flood Warning,Flood,Warning
2020-08-06T20:53:00Z,2020-08-06 20:53,2020-08-06T22:42:00Z,2020-08-06 22:42,86,FA,W,00000,LWX,Flood Warning,Flood,Warning
2020-08-24T17:39:00Z,2020-08-24 17:39,2020-08-24T18:06:00Z,2020-08-24 18:06,374,SV,W,,LWX,Severe Thunderstorm Warning,Severe Thunderstorm,Warning
2020-08-25T19:34:00Z,2020-08-25 19:34,2020-08-25T23:59:00Z,2020-08-25 23:59,451,SV,A,,LWX,Severe Thunderstorm Watch,Severe Thunderstorm,Watch
2020-08-25T22:57:00Z,2020-08-25 22:57,2020-08-25T23:45:00Z,2020-08-25 23:45,398,SV,W,,LWX,Severe Thunderstorm Warning,Severe Thunderstorm,Warning
2020-08-28T17:37:00Z,2020-08-28 17:37,2020-08-29T02:00:00Z,2020-08-29 02:00,464,SV,A,,LWX,Severe Thunderstorm Watch,Severe Thunderstorm,Watch
2020-08-28T21:45:00Z,2020-08-28 21:45,2020-08-28T22:30:00Z,2020-08-28 22:30,415,SV,W,,LWX,Severe Thunderstorm Warning,Severe Thunderstorm,Warning
2020-08-28T22:17:00Z,2020-08-28 22:17,2020-08-28T22:28:00Z,2020-08-28 22:28,417,SV,W,,LWX,Severe Thunderstorm Warning,Severe Thunderstorm,Warning
2020-08-28T22:17:00Z,2020-08-28 22:17,2020-08-29T03:18:00Z,2020-08-29 03:18,145,FA,W,00000,LWX,Flood Warning,Flood,Warning
2020-08-28T22:51:00Z,2020-08-28 22:51,2020-08-29T00:24:00Z,2020-08-29 00:24,55,FF,W,00000,LWX,Flash Flood Warning,Flash Flood,Warning
2020-08-29T01:55:00Z,2020-08-29 01:55,2020-08-29T03:13:00Z,2020-08-29 03:13,56,FF,W,00000,LWX,Flash Flood Warning,Flash Flood,Warning
2020-09-02T22:48:00Z,2020-09-02 22:48,2020-09-03T01:38:00Z,2020-09-03 01:38,484,SV,A,,LWX,Severe Thunderstorm Watch,Severe Thunderstorm,Watch
2020-09-03T19:42:00Z,2020-09-03 19:42,2020-09-04T00:11:00Z,2020-09-04 00:11,485,TO,A,,LWX,Tornado Watch,Tornado,Watch
2020-09-03T23:10:00Z,2020-09-03 23:10,2020-09-04T00:44:00Z,2020-09-04 00:44,158,FA,W,00000,LWX,Flood Warning,Flood,Warning
2020-09-10T17:28:00Z,2020-09-10 17:28,2020-09-10T20:14:00Z,2020-09-10 20:14,63,FF,W,00000,LWX,Flash Flood Warning,Flash Flood,Warning
2020-09-10T20:14:00Z,2020-09-10 20:14,2020-09-10T21:00:00Z,2020-09-10 21:00,169,FA,W,00000,LWX,Flood Warning,Flood,Warning
2020-10-29T15:30:00Z,2020-10-29 15:30,2020-10-29T20:59:00Z,2020-10-29 20:59,175,FA,W,00000,LWX,Flood Warning,Flood,Warning
2020-11-12T03:57:00Z,2020-11-12 03:57,2020-11-12T10:56:00Z,2020-11-12 10:56,187,FA,W,00000,LWX,Flood Warning,Flood,Warning
2020-11-15T22:35:00Z,2020-11-15 22:35,2020-11-16T01:47:00Z,2020-11-16 01:47,511,SV,A,,LWX,Severe Thunderstorm Watch,Severe Thunderstorm,Watch
2020-11-16T00:28:00Z,2020-11-16 00:28,2020-11-16T01:15:00Z,2020-11-16 01:15,452,SV,W,,LWX,Severe Thunderstorm Warning,Severe Thunderstorm,Warning
2020-11-16T01:54:00Z,2020-11-16 01:54,2020-11-16T02:49:00Z,2020-11-16 02:49,511,SV,A,,LWX,Severe Thunderstorm Watch,Severe Thunderstorm,Watch
2020-12-05T07:39:00Z,2020-12-05 07:39,2020-12-05T13:33:00Z,2020-12-05 13:33,203,FA,W,00000,LWX,Flood Warning,Flood,Warning
2021-03-28T21:13:00Z,2021-03-28 21:13,2021-03-28T23:03:00Z,2021-03-28 23:03,69,SV,A,,LWX,Severe Thunderstorm Watch,Severe Thunderstorm,Watch
2021-04-30T20:39:00Z,2021-04-30 20:39,2021-04-30T21:15:00Z,2021-04-30 21:15,17,SV,W,,LWX,Severe Thunderstorm Warning,Severe Thunderstorm,Warning
2021-05-04T18:10:00Z,2021-05-04 18:10,2021-05-04T21:54:00Z,2021-05-04 21:54,148,SV,A,,LWX,Severe Thunderstorm Watch,Severe Thunderstorm,Watch
2021-05-04T20:26:00Z,2021-05-04 20:26,2021-05-04T21:15:00Z,2021-05-04 21:15,36,SV,W,,LWX,Severe Thunderstorm Warning,Severe Thunderstorm,Warning
2021-05-26T18:49:00Z,2021-05-26 18:49,2021-05-27T02:00:00Z,2021-05-27 02:00,206,SV,A,,LWX,Severe Thunderstorm Watch,Severe Thunderstorm,Watch
2021-05-26T20:35:00Z,2021-05-26 20:35,2021-05-26T21:15:00Z,2021-05-26 21:15,55,SV,W,,LWX,Severe Thunderstorm Warning,Severe Thunderstorm,Warning
2021-05-26T21:22:00Z,2021-05-26 21:22,2021-05-26T21:33:00Z,2021-05-26 21:33,58,SV,W,,LWX,Severe Thunderstorm Warning,Severe Thunderstorm,Warning
2021-05-27T00:21:00Z,2021-05-27 00:21,2021-05-27T01:00:00Z,2021-05-27 01:00,70,SV,W,,LWX,Severe Thunderstorm Warning,Severe Thunderstorm,Warning
2021-06-03T18:50:00Z,2021-06-03 18:50,2021-06-03T23:24:00Z,2021-06-03 23:24,234,SV,A,,LWX,Severe Thunderstorm Watch,Severe Thunderstorm,Watch
2021-06-04T16:36:00Z,2021-06-04 16:36,2021-06-04T17:03:00Z,2021-06-04 17:03,97,SV,W,,LWX,Severe Thunderstorm Warning,Severe Thunderstorm,Warning
2021-06-10T21:05:00Z,2021-06-10 21:05,2021-06-10T22:59:00Z,2021-06-10 22:59,7,FF,W,00000,LWX,Flash Flood Warning,Flash Flood,Warning
2021-06-14T23:29:00Z,2021-06-14 23:29,2021-06-15T05:07:00Z,2021-06-15 05:07,273,SV,A,,LWX,Severe Thunderstorm Watch,Severe Thunderstorm,Watch
2021-06-15T02:11:00Z,2021-06-15 02:11,2021-06-15T03:00:00Z,2021-06-15 03:00,129,SV,W,,LWX,Severe Thunderstorm Warning,Severe Thunderstorm,Warning
2021-06-15T02:49:00Z,2021-06-15 02:49,2021-06-15T05:45:00Z,2021-06-15 05:45,17,FF,W,00000,LWX,Flash Flood Warning,Flash Flood,Warning
2021-06-15T05:43:00Z,2021-06-15 05:43,2021-06-15T06:00:00Z,2021-06-15 06:00,47,FA,W,00000,LWX,Flood Warning,Flood,Warning
2021-06-15T05:53:00Z,2021-06-15 05:53,2021-06-15T08:45:00Z,2021-06-15 08:45,48,FA,W,00000,LWX,Flood Warning,Flood,Warning
2021-06-21T18:20:00Z,2021-06-21 18:20,2021-06-21T22:41:00Z,2021-06-21 22:41,302,SV,A,,LWX,Severe Thunderstorm Watch,Severe Thunderstorm,Watch
2021-07-01T16:46:00Z,2021-07-01 16:46,2021-07-01T19:58:00Z,2021-07-01 19:58,331,SV,A,,LWX,Severe Thunderstorm Watch,Severe Thunderstorm,Watch
2021-07-01T18:43:00Z,2021-07-01 18:43,2021-07-01T19:30:00Z,2021-07-01 19:30,178,SV,W,,LWX,Severe Thunderstorm Warning,Severe Thunderstorm,Warning
2021-07-01T19:14:00Z,2021-07-01 19:14,2021-07-01T22:15:00Z,2021-07-01 22:15,18,FF,W,00000,LWX,Flash Flood Warning,Flash Flood,Warning
2021-07-02T00:30:00Z,2021-07-02 00:30,2021-07-02T02:45:00Z,2021-07-02 02:45,20,FF,W,00000,LWX,Flash Flood Warning,Flash Flood,Warning
2021-07-02T00:47:00Z,2021-07-02 00:47,2021-07-02T01:17:00Z,2021-07-02 01:17,183,SV,W,,LWX,Severe Thunderstorm Warning,Severe Thunderstorm,Warning
2021-07-02T00:58:00Z,2021-07-02 00:58,2021-07-02T01:06:00Z,2021-07-02 01:06,16,TO,W,,LWX,Tornado Warning,Tornado,Warning
2021-07-02T02:45:00Z,2021-07-02 02:45,2021-07-02T06:12:00Z,2021-07-02 06:12,54,FA,W,00000,LWX,Flood Warning,Flood,Warning
2021-07-09T21:02:00Z,2021-07-09 21:02,2021-07-09T23:51:00Z,2021-07-09 23:51,56,FA,W,00000,LWX,Flood Warning,Flood,Warning
2021-07-17T17:13:00Z,2021-07-17 17:13,2021-07-18T01:13:00Z,2021-07-18 01:13,382,SV,A,,LWX,Severe Thunderstorm Watch,Severe Thunderstorm,Watch
2021-07-21T15:57:00Z,2021-07-21 15:57,2021-07-21T21:22:00Z,2021-07-21 21:22,385,SV,A,,LWX,Severe Thunderstorm Watch,Severe Thunderstorm,Watch
2021-07-21T17:14:00Z,2021-07-21 17:14,2021-07-21T17:31:00Z,2021-07-21 17:31,268,SV,W,,LWX,Severe Thunderstorm Warning,Severe Thunderstorm,Warning
2021-07-26T23:36:00Z,2021-07-26 23:36,2021-07-27T00:00:00Z,2021-07-27 00:00,287,SV,W,,LWX,Severe Thunderstorm Warning,Severe Thunderstorm,Warning
2021-07-29T01:48:00Z,2021-07-29 01:48,2021-07-29T02:30:00Z,2021-07-29 02:30,302,SV,W,,LWX,Severe Thunderstorm Warning,Severe Thunderstorm,Warning
2021-07-29T02:30:00Z,2021-07-29 02:30,2021-07-29T03:02:00Z,2021-07-29 03:02,304,SV,W,,LWX,Severe Thunderstorm Warning,Severe Thunderstorm,Warning
2021-07-29T19:00:00Z,2021-07-29 19:00,2021-07-29T23:48:00Z,2021-07-29 23:48,402,SV,A,,LWX,Severe Thunderstorm Watch,Severe Thunderstorm,Watch
2021-08-10T21:12:00Z,2021-08-10 21:12,2021-08-10T22:00:00Z,2021-08-10 22:00,336,SV,W,,LWX,Severe Thunderstorm Warning,Severe Thunderstorm,Warning
2021-08-10T21:53:00Z,2021-08-10 21:53,2021-08-10T22:22:00Z,2021-08-10 22:22,341,SV,W,,LWX,Severe Thunderstorm Warning,Severe Thunderstorm,Warning
2021-08-11T18:03:00Z,2021-08-11 18:03,2021-08-11T22:02:00Z,2021-08-11 22:02,425,SV,A,,LWX,Severe Thunderstorm Watch,Severe Thunderstorm,Watch
2021-08-11T20:20:00Z,2021-08-11 20:20,2021-08-11T21:00:00Z,2021-08-11 21:00,373,SV,W,,LWX,Severe Thunderstorm Warning,Severe Thunderstorm,Warning
2021-08-13T17:16:00Z,2021-08-13 17:16,2021-08-14T00:00:00Z,2021-08-14 00:00,436,SV,A,,LWX,Severe Thunderstorm Watch,Severe Thunderstorm,Watch
2021-08-13T21:11:00Z,2021-08-13 21:11,2021-08-13T22:00:00Z,2021-08-13 22:00,410,SV,W,,LWX,Severe Thunderstorm Warning,Severe Thunderstorm,Warning
2021-08-13T21:56:00Z,2021-08-13 21:56,2021-08-13T22:19:00Z,2021-08-13 22:19,419,SV,W,,LWX,Severe Thunderstorm Warning,Severe Thunderstorm,Warning
2021-08-15T04:13:00Z,2021-08-15 04:13,2021-08-15T07:23:00Z,2021-08-15 07:23,38,FF,W,00000,LWX,Flash Flood Warning,Flash Flood,Warning
2021-08-15T07:23:00Z,2021-08-15 07:23,2021-08-15T09:34:00Z,2021-08-15 09:34,77,FA,W,00000,LWX,Flood Warning,Flood,Warning
2021-08-16T21:24:00Z,2021-08-16 21:24,2021-08-17T00:15:00Z,2021-08-17 00:15,40,FF,W,00000,LWX,Flash Flood Warning,Flash Flood,Warning